season,year,workingday,weather,temp,humidity,windspeed,registered,count
1,0,0,2,6.715022,0.805833,17.30021509788,654,985
1,0,0,2,7.989548,0.696087,26.79891153542,670,801
1,0,1,1,-3.039976,0.437273,26.77411160602,1229,1349
1,0,1,1,-2.8,0.590435,17.28404123088,1454,1562
1,0,1,1,-1.020838,0.436957,20.152638282,1518,1600
1,0,1,1,-2.513032,0.518261,9.657437550856,1518,1606
1,0,1,2,-3.029548,0.498696,18.19301255628,1362,1510
1,0,0,2,-5.11,0.535833,28.76834940712,891,959
1,0,0,1,-6.870022,0.434167,39.027541071,768,822
1,0,1,1,-6.045022,0.482917,24.07393842326,1280,1321
1,0,1,2,-4.839994,0.686364,13.16897816296,1220,1263
1,0,1,1,-4.600018,0.599545,32.84664388406,1137,1162
1,0,1,1,-5.11,0.470417,32.45555978,1368,1406
1,0,1,1,-5.38258,0.537826,13.64513680744,1367,1421
1,0,0,2,-0.600021999999999,0.49875,17.03248368614,1026,1248
1,0,0,1,-0.709978,0.48375,20.31793520274,953,1204
1,0,0,2,-4.395022,0.5375,20.92003435826,883,1000
1,0,1,2,-1.699978,0.861667,15.8261288595,674,683
1,0,1,2,3.283484,0.741739,22.46194301226,1572,1650
1,0,1,2,1.270022,0.538333,21.12350160512,1844,1927
1,0,1,1,-4.285,0.457083,38.08859417876,1468,1543
1,0,0,1,-12.0973936,0.4,18.5427993866,888,981
1,0,0,1,-9.6295678,0.436522,26.589837348,836,986
1,0,1,1,-9.5721742,0.491739,17.0720557474,1330,1416
1,0,1,2,-1.250452,0.616957,13.99535494088,1799,1985
1,0,1,3,-1.645,0.8625,31.684605453,472,506
1,0,1,1,-3.13,0.6875,12.27456331786,416,431
1,0,1,2,-2.570452,0.793043,13.294918674,1129,1167
1,0,0,1,-3.029548,0.651739,15.6740945097,975,1098
1,0,0,1,-1.709548,0.722174,7.977231551428,956,1096
1,0,1,2,-4.065022,0.60375,20.18412340976,1459,1501
1,0,1,2,-3.316516,0.829565,5.73773323114,1313,1360
1,0,1,2,1.16,0.775417,28.49921626024,1454,1526
1,0,1,1,-3.660838,0.437826,29.94882604656,1489,1550
1,0,1,2,-2.053936,0.585217,13.78433988942,1620,1708
1,0,0,2,-0.600021999999999,0.929167,17.36846881662,905,1005
1,0,0,1,2.864978,0.568333,15.289695604,1269,1623
1,0,1,1,1.930022,0.738333,4.896185365974,1592,1712
1,0,1,1,-1.425022,0.537917,39.027541071,1466,1530
1,0,1,2,-7.104322,0.494783,20.36171246942,1552,1605
1,0,1,1,-6.473032,0.437391,23.9303144843,1491,1538
1,0,1,1,-3.519994,0.506364,11.704488419,1597,1746
1,0,0,1,-1.315,0.544167,21.92820540126,1184,1472
1,0,0,1,4.890452,0.457391,28.12991296374,1192,1589
1,0,1,1,11.39,0.375833,45.06125606824,1705,1913
1,0,1,1,1.561742,0.314348,31.41762882172,1675,1815
1,0,1,1,5.005226,0.423478,27.14956097198,1897,2115
1,0,1,1,12.764978,0.505,24.81114328112,2216,2475
1,0,1,1,18.430022,0.516667,28.5657447665,2348,2927
1,0,0,1,10.345022,0.187917,54.71759379614,1103,1635
1,0,0,1,2.824322,0.407826,24.0704879983,1173,1812
1,0,0,2,4.019978,0.605,33.19373506988,912,1107
1,0,1,1,-3.973348,0.577778,21.09967210774,1376,1450
1,0,1,1,-1.365226,0.423043,10.14780763314,1778,1917
1,0,1,2,3.513032,0.697391,27.00992658688,1707,1807
1,0,1,2,8.046968,0.712174,37.36583797542,1341,1461
1,0,0,1,2.645,0.537917,20.11716360038,1545,1969
1,0,0,1,6.669548,0.68,13.50496329344,1708,2402
1,0,1,2,10.880018,0.876364,31.23561890508,1365,1446
1,0,1,1,1.600022,0.535,23.3361944365,1714,1851
1,0,1,1,6.11,0.449583,33.19233333474,1903,2134
1,0,1,1,-2.910022,0.318333,24.34210113812,1562,1685
1,0,1,2,1.270022,0.610417,21.92594105988,1730,1944
1,0,0,2,9.355022,0.789167,27.15818703438,1437,2077
1,0,0,2,8.850452,0.948261,37.01518853886,491,605
1,0,1,1,1.274774,0.551304,36.80654565456,1628,1872
1,0,1,1,3.305,0.420833,13.009180357,1817,2133
1,0,1,2,3.524978,0.775417,23.737845467,1700,1891
1,0,1,3,9.680006,0,28.23709178906,577,623
1,0,1,2,4.890452,0.649565,25.1201719666,1730,1977
1,0,0,1,5.725022,0.594583,23.8052365795,1408,2132
1,0,0,1,9.366968,0.527391,29.17808737112,1435,2417
1,0,1,1,5.464322,0.496957,14.76415275228,1687,2046
1,0,1,2,4.947806,0.655652,19.87326168602,1767,2056
1,0,1,2,8.104322,0.776522,21.90124895626,1871,2192
1,0,1,1,11.39,0.602917,22.59801914662,2320,2744
1,0,1,1,19.64,0.525217,24.90958821826,2355,3239
1,0,0,1,15.185,0.379167,39.69789394526,1693,3117
1,0,0,1,5.945,0.47375,22.39767884738,1424,2471
2,0,1,2,12.40871,0.737391,31.13825222574,1676,2077
2,0,1,1,13.150022,0.624583,24.341669835,2243,2703
2,0,1,2,6.899162,0.839565,25.25937504858,1918,2121
2,0,1,2,2.81,0.805833,26.28652342886,1699,1865
2,0,1,1,1.435022,0.495,24.8781030905,1910,2210
2,0,0,1,1.544978,0.394167,22.59715654038,1515,2496
2,0,0,2,0.700838000000001,0.493913,19.872291254,1221,1693
2,0,1,1,1.446968,0.302174,22.88106181912,1806,2028
2,0,1,1,3.965,0.314167,24.47602075688,2108,2425
2,0,1,2,3.8,0.646667,18.64178345264,1368,1536
2,0,1,3,1.709978,0.918333,23.46784971388,1506,1685
2,0,1,2,3.8,0.68625,27.89539189224,1920,2227
2,0,0,2,4.79,0.65375,21.25742122388,1354,2252
2,0,0,1,8.969978,0.48,19.64725885114,1598,3249
2,0,1,1,21.839978,0.42625,41.57449382038,2381,3115
2,0,1,2,11.335022,0.642083,41.84362696726,1628,1795
2,0,1,1,9.794978,0.470833,28.36497316414,2395,2808
2,0,1,1,12.875,0.602917,17.50141800336,2570,3141
2,0,1,2,6.164978,0.83625,24.47558945376,1299,1471
2,0,0,2,6.605,0.8775,14.34977827974,1576,2455
2,0,0,2,12.160022,0.8575,15.82526625326,1707,2895
2,0,1,2,23.313032,0.716956,34.98666213972,2493,3348
2,0,1,2,17.165,0.739167,29.63904258062,1777,2034
2,0,1,2,11.225,0.819167,27.02297350626,1953,2162
2,0,1,1,14.855,0.540417,11.936313846,2738,3267
2,0,0,1,13.480022,0.67125,24.4090609475,2484,3126
2,0,0,3,12.434978,0.888333,36.74788843024,674,795
2,0,0,1,14.140022,0.479583,32.72469292688,2186,3744
2,0,1,1,17.825,0.5425,17.63673935726,2760,3429
2,0,1,2,17.384978,0.665833,17.03334629238,2795,3204
2,0,1,1,23.27,0.614167,26.0857518265,3331,3944
2,0,1,1,14.305022,0.407083,35.07119755124,3444,4189
2,0,1,2,6.220022,0.729583,23.67002305138,1506,1683
2,0,0,2,14.36,0.887917,24.8781030905,2574,4036
2,0,0,2,22.390022,0.810833,20.7214192715,2481,4191
2,0,1,1,24.040022,0.776667,19.98367528474,3300,4073
2,0,1,1,25.690022,0.729167,35.20511717,3722,4400
2,0,1,2,24.92,0.835417,33.663208516,3325,3872
2,0,1,2,24.755,0.700833,34.60215540824,3489,4058
2,0,1,1,17.66,0.457083,25.88498022414,3717,4595
2,0,0,1,15.185,0.503333,25.3471452335,3347,5312
2,0,0,2,13.810022,0.762083,11.46770300612,2213,3351
2,0,1,2,20.245022,0.73,19.78107064412,3554,4401
2,0,1,2,24.700022,0.697083,36.94833655526,3848,4451
2,0,1,2,11.335022,0.737083,35.47425031688,2378,2633
2,0,1,1,14.305022,0.444167,31.85087280576,3819,4433
2,0,1,1,15.625022,0.59,24.61080298188,3714,4608
2,0,0,1,18.32,0.54125,17.300646401,3102,4714
2,0,0,1,18.869978,0.631667,8.04784665475,2932,4333
2,0,1,1,19.145,0.58875,18.97733728,3698,4362
2,0,1,1,19.145,0.489167,12.47231579838,4109,4803
2,0,1,1,19.805,0.632917,13.00831775076,3632,4182
2,0,1,1,19.31,0.7475,20.45099221526,4169,4864
2,0,1,2,17.825,0.863333,19.3789883105,3413,4105
2,0,0,2,18.374978,0.9225,14.551089011,2507,3409
2,0,0,2,21.125,0.867083,16.49507999862,2971,4553
2,0,1,1,22.115,0.787917,13.67996453438,3185,3958
2,0,1,2,21.070022,0.837917,29.90591138612,3445,4123
2,0,1,2,20.3,0.87,21.72603206376,3319,3855
2,0,1,2,19.034978,0.829583,11.66815113114,3840,4575
2,0,1,1,19.420022,0.719583,13.47962423514,4008,4917
2,0,0,1,23.765,0.626667,13.009180357,3547,5805
2,0,0,1,23.875022,0.749583,15.95907804624,3084,4660
2,0,1,2,25.690022,0.81,25.21419604676,3438,4274
2,0,1,2,27.56,0.740833,22.32985643176,3833,4492
2,0,1,1,27.614978,0.69625,16.63029352674,4238,4978
2,0,1,1,30.749978,0.6775,21.52655437076,3919,4677
2,0,1,1,28.990022,0.65375,25.95140090462,3808,4679
2,0,0,1,27.284978,0.729583,24.80984937176,2757,4758
2,0,0,1,28.055,0.81875,23.06803172164,2433,4788
2,0,0,1,32.399978,0.685,14.1494379805,2549,4098
2,0,1,1,35.15,0.636667,12.00413626162,3309,3982
2,0,1,2,34.435022,0.677083,22.32985643176,3461,3974
2,0,1,1,31.19,0.305,31.51607375886,4232,4968
2,0,1,1,24.92,0.354167,27.29296925938,4414,5312
2,0,0,1,25.91,0.45625,13.27788220076,3473,5342
2,0,0,2,26.789978,0.6525,14.95457307976,3221,4906
2,0,1,1,28.769978,0.6,13.14353127888,3875,4548
2,0,1,1,30.695,0.597917,20.25054409024,4070,4833
2,0,1,1,35.204978,0.622083,14.75239974226,3725,4401
2,0,1,2,37.349978,0.568333,16.16125138374,3352,3915
2,0,1,1,33.83,0.605,15.15534468212,3771,4586
2,0,0,1,31.85,0.654583,16.696822033,3237,4966
2,0,0,1,29.705,0.747917,17.63673935726,2993,4460
2,0,1,1,25.91,0.494583,32.924601923,4157,5020
2,0,1,1,23.875022,0.507083,29.03564951574,4164,4891
2,0,1,1,25.360022,0.471667,18.10524237136,4411,5180
2,0,1,2,25.469978,0.688333,22.26289662238,3222,3767
2,0,1,1,26.845022,0.735833,15.42221348762,3981,4844
2,0,0,1,29.980022,0.670417,12.87526073824,3312,5119
2,0,0,2,30.145022,0.666667,10.99822956,3105,4744
2,0,1,2,25.91,0.74625,16.7642131455,3311,4010
3,0,1,2,28.934978,0.770417,18.4409040245,4061,4835
3,0,1,1,32.399978,0.7075,18.57428451436,3846,4507
3,0,1,2,32.069978,0.703333,25.74922756712,4044,4790
3,0,1,1,31.795022,0.573333,23.9400188045,4022,4991
3,0,0,1,29.87,0.483333,22.59715654038,3420,5202
3,0,0,1,28.88,0.513333,10.193126808474,3385,5305
3,0,1,2,29.045,0.658333,11.60076001864,3854,4708
3,0,1,1,33.115022,0.634167,15.55742701574,3916,4648
3,0,1,1,32.069978,0.497917,28.23105354538,4377,5225
3,0,1,1,29.980022,0.434167,19.98141094336,4488,5515
3,0,1,1,31.685,0.39625,11.06378763424,4116,5362
3,0,0,1,32.729978,0.444583,12.40664989836,2915,5119
3,0,0,2,31.300022,0.6825,24.67679235924,2367,4649
3,0,0,2,31.960022,0.637917,8.785558293776,2978,6043
3,0,1,1,33.280022,0.590417,13.61386733124,3634,4665
3,0,1,1,31.52,0.743333,16.16125138374,3845,4629
3,0,1,1,33.5,0.65125,17.165864176,3838,4592
3,0,1,2,30.805022,0.757917,24.27471002562,3348,4040
3,0,0,1,32.399978,0.609167,18.10524237136,3348,5336
3,0,0,1,33.335,0.578333,19.78290368238,3138,4881
3,0,1,1,34.325,0.635833,30.44320724786,3363,4086
3,0,1,1,36.415022,0.559167,21.59254374812,3596,4258
3,0,1,1,33.280022,0.631667,15.75690470874,3594,4342
3,0,1,1,28.934978,0.47625,25.95010699526,4196,5084
3,0,1,1,27.779978,0.59125,19.71411083474,4220,5538
3,0,0,1,29.320022,0.585,22.46463865676,3505,5923
3,0,0,1,31.465022,0.604167,26.42087435074,3296,5302
3,0,1,1,33.280022,0.65125,23.26923462712,3617,4458
3,0,1,1,35.260022,0.650417,14.082046868,3789,4541
3,0,1,1,34.709978,0.707083,12.27240680226,3688,4332
3,0,1,2,37.79,0.69125,23.93958750138,3152,3784
3,0,1,1,39.989978,0.580417,14.351611318,2825,3387
3,0,0,1,40.045022,0.5,14.14900667738,2298,3285
3,0,0,1,38.78,0.550833,18.24099502838,2556,3606
3,0,1,1,33.059978,0.757083,9.791475777974,3272,3840
3,0,1,1,34.930022,0.540833,21.59297505124,3840,4590
3,0,1,1,35.15,0.402917,19.78204107614,3901,4656
3,0,1,1,35.425022,0.583333,19.24463738862,3784,4390
3,0,1,1,39.329978,0.5425,18.77656567764,3176,3846
3,0,0,1,37.075022,0.465833,18.17263348386,2916,4475
3,0,0,1,37.184978,0.480833,17.77109027914,2778,4302
3,0,1,1,34.930022,0.550833,16.89813276426,3537,4266
3,0,1,1,35.699978,0.49125,22.195936813,4044,4845
3,0,1,2,32.290022,0.6575,14.61934272974,3107,3574
3,0,1,2,30.86,0.7575,21.257852527,3777,4576
3,0,1,1,30.914978,0.630833,19.91499026288,3843,4866
3,0,0,2,31.300022,0.755,24.611234285,2773,4294
3,0,0,1,33.005,0.752917,21.72549293486,2487,3785
3,0,1,1,34.49,0.592083,20.7214192715,3480,4326
3,0,1,1,35.15,0.570417,16.29473969938,3695,4602
3,0,1,1,34.600022,0.424167,21.59297505124,3896,4780
3,0,1,1,31.355,0.42375,17.76925724088,3980,4792
3,0,1,1,30.749978,0.415,13.54518230938,3854,4905
3,0,0,2,29.264978,0.729583,22.80019248412,2646,4150
3,0,0,2,28.660022,0.8175,24.00557687874,2482,3820
3,0,1,1,27.944978,0.712083,22.53062803412,3563,4338
3,0,1,1,30.254978,0.578333,25.48235876162,4004,4725
3,0,1,1,31.739978,0.575417,15.49100633526,4026,4694
3,0,1,1,30.970022,0.654583,25.14583450224,3166,3805
3,0,1,2,29.21,0.722917,15.02099376024,3356,4153
3,0,0,1,30.035,0.674167,11.26423575926,3277,5191
3,0,0,1,30.914978,0.77,26.82209407812,2624,3873
3,0,1,1,29.650022,0.47,29.840784615,3925,4758
3,0,1,1,26.294978,0.455417,15.82483495014,4614,5895
3,0,1,1,28.439978,0.605,27.29156752424,4181,5130
3,0,1,2,29.155022,0.771667,22.73323267474,3107,3542
3,0,1,1,30.2,0.76125,9.05332205325,3893,4661
3,0,0,2,28.88,0.85,40.50119600626,889,1115
3,0,0,1,30.665894,0.561765,32.85009430902,2919,4334
3,0,1,1,26.020022,0.554583,17.2332552885,3905,4634
3,0,1,1,26.185022,0.548333,13.47908510624,4429,5204
3,0,1,1,27.340022,0.597917,8.985478072474,4370,5058
3,0,1,1,27.23,0.639167,15.28926430088,4332,5115
3,0,1,2,26.459978,0.727083,15.08795356962,3852,4727
3,0,0,1,28.165022,0.716667,19.9828126785,2549,4484
3,0,0,1,30.805022,0.742083,22.26246531926,2419,4940
3,0,0,2,28.439978,0.790417,22.93411210288,2115,3351
3,0,1,3,19.64,0.886957,37.08592225054,2506,2710
3,0,1,3,23.545022,0.917083,10.461343436224,1878,1996
3,0,1,3,25.838258,0.939565,20.78320344344,1689,1842
3,0,1,2,26.9,0.897917,13.41126269062,3127,3544
3,0,0,1,27.56,0.75375,16.56290241424,3595,5345
3,0,0,1,27.119978,0.71375,12.40578729212,3413,5046
3,0,1,1,26.526968,0.692174,9.58711357714,4023,4713
3,0,1,1,26.954978,0.7125,15.29012690712,4062,4763
3,0,1,1,28.439978,0.697083,18.039252994,4138,4785
3,0,1,2,22.115,0.709167,29.23652894388,3231,3659
3,0,1,2,14.965022,0.590417,17.70316003774,4018,4760
3,0,0,2,16.450022,0.718333,20.4518548215,3077,4511
3,0,0,1,17.495,0.695,19.24506869174,2921,4274
3,0,1,2,20.245022,0.69,16.36169950876,3848,4539
3,0,1,2,21.070022,0.88125,14.55152031412,3203,3641
3,0,1,2,23.27,0.9,10.394858060276,3813,4352
3,0,1,2,25.469978,0.902083,13.8151780625,4240,4795
4,0,1,2,24.205022,0.9725,8.449950553526,2137,2395
4,0,0,2,24.040022,0.8625,8.451740461474,3647,5423
4,0,0,2,25.855022,0.845,5.432176535776,3466,5010
4,0,1,2,26.845022,0.848333,11.936313846,3946,4630
4,0,1,2,26.020022,0.885417,12.74188024838,3643,4120
4,0,1,2,25.91,0.84875,16.02603785562,3427,3907
4,0,1,1,24.700022,0.699167,18.64124432374,4186,4839
4,0,1,1,21.235022,0.6475,22.2633279255,4372,5202
4,0,0,2,11.06,0.75375,31.51704419088,1949,2429
4,0,0,2,7.540022,0.791667,23.93872489514,2302,2918
4,0,1,2,9.355022,0.760833,8.986825894724,3240,3570
4,0,1,1,15.955022,0.71,22.19636811612,3970,4456
4,0,1,1,19.529978,0.647917,19.112119505,4267,4826
4,0,1,1,16.615022,0.620833,14.55152031412,4126,4765
4,0,1,1,17.714978,0.684167,2.414402518026,4036,4985
4,0,0,1,18.430022,0.70125,4.895743280276,3174,5409
4,0,0,1,19.694978,0.7275,6.841545741,3114,5511
4,0,0,1,21.674978,0.73375,4.561483362276,3603,5117
4,0,1,2,21.400022,0.80875,15.42361522276,3896,4563
4,0,1,3,19.859978,0.90625,26.756967307,2199,2416
4,0,1,2,22.885022,0.896667,15.28829386886,2623,2913
4,0,1,2,20.354978,0.71625,24.14035910374,3115,3644
4,0,0,1,17.440022,0.483333,27.82800077974,3318,5217
4,0,0,1,17.770022,0.486667,30.37635526426,3293,5041
4,0,1,1,19.255022,0.579583,18.91037747062,3857,4570
4,0,1,2,19.145,0.701667,11.87021664286,4111,4748
4,0,1,3,19.754774,0.895217,26.23821747942,2170,2424
4,0,1,1,15.404978,0.63625,45.5321312495,3724,4195
4,0,1,1,12.215,0.574167,23.87219638888,3628,4304
4,0,0,1,11.885,0.629167,9.991859207526,2809,4308
4,0,0,1,11.830022,0.74125,10.73001293225,2762,4381
4,0,1,1,14.579978,0.772083,12.80884005776,3488,4187
4,0,1,1,15.130022,0.622917,17.97002884324,3992,4687
4,0,1,2,15.955022,0.720417,16.02743959076,3490,3894
4,0,1,2,15.02,0.812917,21.32394973014,2419,2659
4,0,1,2,5.834978,0.585833,24.74375216862,3291,3747
4,0,0,3,0.775022,0.8825,37.88685214438,570,627
4,0,0,1,5.065022,0.62375,19.04386578626,2446,3331
4,0,1,1,6.44,0.703333,11.467271703,3307,3669
4,0,1,1,10.454978,0.68375,14.61804882038,3658,4068
4,0,1,1,8.915,0.71875,8.851601584026,3816,4186
4,0,1,1,10.949978,0.702083,14.75239974226,3656,3974
4,0,1,2,10.619978,0.6225,29.30478266262,3576,4046
4,0,0,1,5.560022,0.519167,20.38575761836,2770,3926
4,0,0,1,6.989978,0.734583,9.925815917276,2697,3649
4,0,1,1,10.07,0.75875,6.1703302605,3662,4035
4,0,1,1,10.949978,0.721667,7.44402228675,3829,4205
4,0,1,1,10.4,0.758333,6.706310647724,3804,4109
4,0,1,2,9.08,0.813333,20.38629674726,2743,2933
4,0,0,1,5.395022,0.44625,33.9300773215,2928,3368
4,0,0,1,7.540022,0.552917,22.86575055836,2792,4067
4,0,0,1,13.094978,0.458333,30.37678656738,2713,3717
4,0,1,1,18.98,0.587083,33.05895284488,3891,4486
4,0,1,2,18.98,0.68875,21.52558393874,3746,4195
4,0,1,3,14.140022,0.93,14.75369365162,1672,1817
4,0,1,2,6.550022,0.575833,32.92589583236,2914,3053
4,0,1,1,2.095022,0.41,18.17220218074,3147,3392
4,0,0,1,5.725022,0.502083,24.20645630688,2720,3663
4,0,0,2,14.579978,0.684583,20.050203791,2733,3520
4,0,1,3,13.535,0.91,14.88578023212,2545,2765
4,0,1,3,11.500022,0.9625,12.80884005776,1538,1607
4,0,1,2,13.094978,0.757917,36.2105925685,2454,2566
4,0,0,1,8.639978,0.549167,18.03968429712,935,1495
4,0,1,1,8.75,0.64375,10.663516773724,1697,2792
4,0,0,1,8.804978,0.681667,7.377526128224,1819,3068
4,0,0,1,14.305022,0.698333,22.53062803412,2261,3071
4,0,1,1,17.229548,0.743043,15.32441550516,3614,3867
4,0,1,2,14.249978,0.830833,27.82897121176,2818,2914
4,0,1,1,5.45,0.613333,29.23782285324,3425,3613
4,0,1,1,4.625,0.524583,23.73870807324,3545,3727
4,0,1,1,4.735022,0.625833,10.86387863812,3672,3940
4,0,0,1,3.745022,0.612917,10.327909033474,2908,3614
4,0,0,1,5.834978,0.775833,9.052869184974,2851,3485
4,0,1,2,9.464978,0.827083,6.707658469974,3578,3811
4,0,1,3,14.525,0.949583,25.07844338974,2468,2594
4,0,1,3,11.06,0.970417,28.7005269915,655,705
4,0,1,1,1.544978,0.58,25.88444109524,3172,3322
4,0,1,1,3.194978,0.695833,8.918992696526,3359,3620
4,0,0,1,2.15,0.5075,25.14723623738,2688,3190
4,0,0,1,-1.425022,0.49,7.174910705026,2366,2743
4,0,1,1,-0.270022000000001,0.670833,6.841545741,3167,3310
4,0,1,1,2.645,0.59,15.154913379,3368,3523
4,0,1,2,4.955,0.66375,6.572876244974,3562,3740
4,0,1,2,11.885,0.634167,28.90183772276,3528,3709
4,0,1,2,8.75,0.500417,28.0967026235,3399,3577
4,0,0,2,1.049978,0.560833,26.21967144526,2464,2739
4,0,0,1,-0.270022000000001,0.58625,18.30655310262,2211,2431
4,0,1,1,2.260022,0.6375,18.64264605888,3143,3403
4,0,1,2,9.464978,0.595417,6.638919535224,3534,3750
1,0,1,2,12.269978,0.858333,23.872627692,2553,2660
1,0,1,2,11.939978,0.7575,5.0974637495,2841,3068
1,0,1,1,8.639978,0.68625,29.57078886188,2046,2209
1,0,0,1,3.965,0.5425,20.51967723712,856,1011
1,0,0,1,2.135678,0.681304,16.72280804598,451,754
1,0,0,1,5.234774,0.506957,25.8205004077,887,1317
1,0,1,2,5.45,0.7625,20.319768241,1059,1162
1,0,1,1,3.74258,0.503913,31.69657411458,2047,2302
1,0,1,1,0.389977999999999,0.574167,12.87569204136,2169,2423
1,0,1,1,4.570022,0.636667,14.48499180786,2508,2999
1,0,0,1,11.06,0.615833,23.73827677012,1820,2485
1,1,0,1,8.42,0.6925,20.72055666526,1608,2294
1,1,0,1,2.020838,0.381304,35.5463857637,1707,1951
1,1,1,1,-6.1,0.44125,39.42876079838,2147,2236
1,1,1,2,-8.905,0.414583,19.915421566,2273,2368
1,1,1,1,1.544978,0.524167,14.01594966486,3132,3272
1,1,1,1,6.055022,0.542083,18.10481106824,3791,4098
1,1,0,1,9.959978,0.531667,18.84341766124,3451,4521
1,1,0,1,6.275,0.465,20.65316555276,2826,3425
1,1,1,2,-1.204978,0.701667,10.663969642,2270,2376
1,1,1,1,4.373936,0.646522,20.22294069056,3425,3598
1,1,1,2,2.095022,0.8475,14.14900667738,2085,2177
1,1,1,2,9.245,0.802917,19.51290792926,3828,4097
1,1,1,1,2.095022,0.5075,40.76979002424,3040,3214
1,1,0,1,-4.12,0.4575,20.18315297774,2160,2493
1,1,0,1,-4.999978,0.419167,27.09208983124,2027,2311
1,1,0,1,-3.46,0.5225,24.94635680924,2081,2298
1,1,1,2,8.620838,0.716087,37.6452145714,2808,2935
1,1,1,1,4.019978,0.443333,44.79395595962,3267,3376
1,1,1,1,-3.46,0.4975,23.73870807324,3162,3292
1,1,1,2,-1.645,0.45,21.861676895,3048,3163
1,1,0,2,-4.560022,0.83125,24.00654731076,1234,1301
1,1,0,2,-5.275,0.79625,21.52612306764,1781,1977
1,1,1,2,-1.590022,0.91125,11.93717645224,2287,2432
1,1,1,1,6.605,0.835833,13.34527331326,3900,4339
1,1,1,1,3.415022,0.64375,17.36760621038,3803,4270
1,1,1,2,6.550022,0.769583,7.913959383724,3831,4075
1,1,1,2,12.05,0.74125,36.94833655526,3187,3456
1,1,0,1,4.844978,0.543333,22.73280137162,3248,4023
1,1,0,1,2.645,0.31125,25.883578489,2685,3243
1,1,1,1,1.765022,0.400833,23.26794071776,3498,3624
1,1,1,1,9.74,0.416667,28.23062224226,4185,4509
1,1,1,1,14.965022,0.507917,20.38629674726,4275,4579
1,1,1,2,10.345022,0.672917,20.18358428086,3571,3761
1,1,1,1,4.679978,0.526667,19.24647042688,3841,4151
1,1,0,2,1.435022,0.779583,13.14353127888,2448,2832
1,1,0,2,1.544978,0.687917,18.97690597688,2629,2947
1,1,1,1,2.652194,0.622174,16.583604964,3578,3784
1,1,1,1,7.375022,0.49625,15.89125563062,4176,4375
1,1,1,2,0.940021999999999,0.722917,14.41857112738,2693,2802
1,1,1,1,1.49,0.562083,20.92219087386,3667,3830
1,1,1,2,2.534978,0.54,12.60796062962,3604,3831
1,1,0,3,-1.204978,0.73125,31.24747974088,1977,2169
1,1,0,1,-7.585,0.464583,44.12360308536,1456,1529
1,1,1,1,-1.315,0.41125,18.03741995574,3328,3422
1,1,1,2,5.065022,0.50875,15.22273579462,3787,3922
1,1,1,1,6.989978,0.53125,19.581161648,4028,4169
1,1,1,2,4.900022,0.752917,9.8579719365,2931,3005
1,1,1,1,6.659978,0.634583,22.19550550988,3805,4154
1,1,0,1,6.880022,0.534583,20.58706834962,2883,4318
1,1,0,2,2.48,0.515833,27.29199882736,2071,2689
1,1,0,1,2.48,0.507826,24.70105315974,2627,3129
1,1,1,1,2.996516,0.594348,22.18159598426,3614,3777
1,1,1,1,10.124978,0.567917,25.28201846238,4379,4773
1,1,1,1,13.975022,0.554583,20.58534313714,4546,5062
1,1,1,2,10.895,0.7375,25.61584707726,3241,3487
1,1,0,1,3.194978,0.395833,45.46387753076,2415,2732
1,1,0,1,2.425022,0.41,22.12897700362,2874,3389
1,1,1,1,8.200022,0.490833,28.90086729074,4069,4322
1,1,1,1,7.705022,0.395833,20.85533889026,4134,4363
1,1,1,2,6.726968,0.804783,19.31343023626,1769,1834
1,1,1,1,16.064978,0.615417,24.47505032486,4665,4990
1,1,1,2,7.319978,0.657083,15.62438682512,2948,3194
1,1,0,2,11.335022,0.62125,17.36846881662,3110,4066
1,1,0,1,5.504978,0.403333,36.07537904038,2713,3423
1,1,1,1,0.059978000000001,0.50625,24.67679235924,3130,3333
1,1,1,1,1.049978,0.456667,21.6595035575,3735,3956
1,1,1,1,10.675022,0.513333,37.28389038262,4484,4916
1,1,1,1,18.815,0.5675,47.61187489414,4896,5382
1,1,1,2,11.114978,0.407083,44.726133544,4122,4569
1,1,0,1,2.975,0.350417,24.341669835,3150,4118
1,1,0,1,7.874774,0.476957,24.00061689286,3253,4911
1,1,1,1,14.800022,0.489167,22.39681624114,4460,5298
1,1,1,1,21.29,0.6175,25.549318571,5085,5847
1,1,1,1,21.785,0.507083,12.40664989836,5315,6312
1,1,1,1,20.795,0.579583,16.16125138374,5187,6192
1,1,1,2,12.764978,0.842083,12.20501568976,3830,4378
1,1,0,2,17.935022,0.755833,11.93674514912,4681,7836
1,1,0,2,15.185,0.81,13.68125844374,3685,5892
1,1,1,1,19.97,0.72875,17.50195713226,5171,6153
1,1,1,1,21.014978,0.807917,13.07614016638,5042,6093
2,1,1,2,19.090022,0.82125,9.656693552974,5108,6230
2,1,1,1,20.575022,0.83125,12.67621434836,5537,6871
2,1,1,2,23.710022,0.694167,12.540138214,5893,8362
2,1,0,2,17.165,0.885417,20.78697734574,2339,3372
2,1,0,2,12.875,0.880833,23.8052365795,3464,4996
2,1,1,1,13.424978,0.477917,41.70927604538,4763,5558
2,1,1,1,5.339978,0.29,20.18412340976,4571,5102
2,1,1,1,15.955022,0.48125,31.44965307838,5024,5698
2,1,1,1,16.615022,0.439167,34.466510577,5299,6133
2,1,1,2,8.42,0.580833,14.88718196726,4663,5459
2,1,0,2,11.995022,0.738333,27.02297350626,3934,6235
2,1,0,2,12.104978,0.67625,18.57482364326,3694,6041
2,1,1,1,12.638258,0.504348,33.65663114342,4728,5936
2,1,1,1,14.800022,0.396667,10.79691882874,5424,6772
2,1,1,1,19.750022,0.469583,19.5137705355,5378,6436
2,1,1,1,12.71,0.374167,23.67088565762,5265,6457
2,1,1,1,10.619978,0.377083,32.38957040264,4653,6460
2,1,0,1,12.875,0.254167,29.63817997438,3605,6857
2,1,0,1,17,0.275833,25.07984512488,2939,5169
2,1,1,1,16.285022,0.3175,38.62276309288,4680,5585
2,1,1,1,13.480022,0.435,26.8890538875,5099,5918
2,1,1,1,7.013936,0.469565,31.83814936372,4380,4862
2,1,1,1,10.235,0.46625,31.31573345962,4746,5409
2,1,1,1,13.205,0.408333,16.76378184238,5146,6398
2,1,0,1,16.67,0.502917,20.58577444026,4665,7460
2,1,0,1,24.040022,0.507917,24.27471002562,4286,7132
2,1,0,1,27.835022,0.561667,30.71190909162,5172,6370
2,1,1,1,24.149978,0.390417,29.50426035562,5702,6691
2,1,1,2,14.579978,0.569167,18.10524237136,4020,4367
2,1,1,1,16.889978,0.6125,7.108867414776,5719,6565
2,1,1,1,18.760022,0.694583,16.15995747438,5950,7290
2,1,0,1,21.62,0.682917,30.57798947286,4083,6624
2,1,0,3,10.180022,0.835417,37.15094119588,907,1027
2,1,1,2,5.230022,0.766667,32.72469292688,3019,3214
2,1,1,1,11.279978,0.454167,26.88991649374,5115,5633
2,1,1,1,15.460022,0.427917,12.80884005776,5541,6196
2,1,1,2,16.889978,0.756667,19.0447283925,4551,5026
2,1,1,1,14.195,0.400833,37.48379937874,5219,6233
2,1,0,2,8.860022,0.489583,14.0146557555,3100,4220
2,1,0,1,14.249978,0.587083,12.60569628824,4075,6304
2,1,1,2,14.635022,0.57,18.50700122764,4907,5572
2,1,1,2,24.479978,0.659583,16.83117295488,5087,5740
2,1,1,1,21.235022,0.797083,14.88621153524,5502,6169
2,1,1,2,20.96,0.768333,14.41587548288,5657,6421
2,1,1,1,25.415,0.735417,17.56891694164,5227,6296
2,1,0,2,25.030022,0.756667,16.49648173376,4387,6883
2,1,0,2,21.125,0.74,16.16082008062,4224,6359
2,1,1,2,19.475,0.664167,24.87767178738,5265,6273
2,1,1,2,22.390022,0.685833,31.91955782762,4990,5728
2,1,1,2,21.95,0.744167,23.33479270136,4097,4717
2,1,1,1,17.384978,0.552083,33.86408794414,5546,6572
2,1,1,1,19.199978,0.360417,25.54791683586,5711,7030
2,1,0,1,21.235022,0.480417,13.27691176874,4807,7429
2,1,0,1,24.425,0.57625,24.27341611626,3946,6118
2,1,1,2,21.839978,0.789583,22.93368079976,2501,2843
2,1,1,2,24.370022,0.794583,15.89265736576,4490,5115
2,1,1,1,26.020022,0.697917,13.20995195936,6433,7424
2,1,1,1,23.159978,0.52,24.7433208655,6142,7384
2,1,1,1,21.235022,0.523333,14.75239974226,6118,7639
2,1,0,1,23.6,0.45625,9.0546698755,4884,8294
2,1,0,1,24.974978,0.530417,27.42732018126,4425,7129
2,1,1,2,23.489978,0.81125,25.14540319912,3729,4359
2,1,1,2,24.59,0.765833,12.74144894526,5254,6073
2,1,1,2,25.030022,0.774583,10.99822956,4494,5260
2,1,1,1,27.23,0.716667,18.64264605888,5711,6770
2,1,1,1,28.88,0.747083,15.154913379,5317,6734
2,1,0,1,29.705,0.7325,21.45646761376,3681,6536
2,1,0,1,29.54,0.697083,23.20098090838,3308,6591
2,1,0,1,31.025,0.67625,21.19003011138,3486,6043
2,1,1,1,31.685,0.684583,31.851735412,4863,5743
2,1,1,2,27.340022,0.67,14.48412920162,6110,6855
2,1,1,1,28.88,0.492917,21.05611049262,6238,7338
2,1,1,2,27.175022,0.755417,25.61541577414,3594,4127
2,1,0,1,22.499978,0.549167,20.11619316836,5325,8120
2,1,0,1,23.765,0.493333,19.84932436286,5147,7641
2,1,1,1,23.435,0.487083,30.71234039474,5927,6998
2,1,1,2,19.694978,0.613333,22.5975878435,6033,7001
2,1,1,1,20.575022,0.61125,8.3160632825,6028,7055
2,1,1,1,23.765,0.567083,16.966386483,6456,7494
2,1,1,1,26.845022,0.467917,18.91080877374,6248,7736
2,1,0,1,30.914978,0.437083,15.55785831886,4790,7498
2,1,0,1,31.960022,0.538333,14.41857112738,4374,6598
2,1,1,2,31.574978,0.587917,22.39681624114,5647,6664
2,1,1,2,27.119978,0.833333,23.13358979588,4495,4972
2,1,1,1,27.284978,0.582083,37.01432593262,6248,7421
2,1,1,1,26.789978,0.569583,27.35895863674,6183,7363
2,1,1,1,26.185022,0.589583,19.04386578626,6102,7665
2,1,0,1,25.690022,0.504167,17.97099927526,4739,7702
2,1,0,1,23.105,0.59875,15.62438682512,4344,6978
2,1,1,2,21.509978,0.777917,18.84212375188,4446,5099
2,1,1,1,29.429978,0.69,15.96004847826,5857,6825
2,1,1,1,35.645,0.592083,12.27186767336,5339,6211
3,1,1,1,37.184978,0.567917,12.80830092886,5127,5905
3,1,1,1,35.315,0.57375,19.71508126676,4859,5823
3,1,0,1,32.290022,0.534583,19.37855700738,4801,7458
3,1,0,1,33.059978,0.479167,15.6913466345,4340,6891
3,1,1,1,31.244978,0.504167,32.38903127374,5640,6779
3,1,1,1,25.634978,0.373333,37.48476981076,6365,7442
3,1,1,1,30.035,0.36,29.3043513595,6258,7335
3,1,1,1,33.445022,0.4225,18.508295137,5958,6879
3,1,1,1,39.055022,0.48875,17.83621705026,4634,5463
3,1,0,1,34.49,0.60125,17.36760621038,4232,5687
3,1,0,1,37.844978,0.51875,18.17177087762,4110,5531
3,1,1,1,35.590022,0.447083,21.05481658326,5323,6227
3,1,1,1,35.534978,0.492083,13.61160298986,5608,6660
3,1,0,1,36.085022,0.53875,14.551089011,4841,7403
3,1,1,1,38.615,0.457917,20.92132826762,4836,6241
3,1,1,1,38.669978,0.450833,15.75787514076,4841,6207
3,1,0,1,40.870022,0.492083,17.63533762212,3392,4840
3,1,0,1,38.285,0.57375,13.54604491562,3469,4672
3,1,1,2,30.914978,0.683333,19.5137705355,5571,6569
3,1,1,2,31.574978,0.6675,16.36116037986,5336,6290
3,1,1,1,31.300022,0.633333,16.36072907674,6289,7264
3,1,1,1,31.244978,0.529583,15.8261288595,6414,7446
3,1,1,2,32.290022,0.485833,8.717714313,5988,7499
3,1,0,2,30.419978,0.699167,15.49230024462,4614,6969
3,1,0,1,33.224978,0.717917,17.97099927526,4111,6031
3,1,1,1,34.379978,0.645,17.70359134086,5742,6830
3,1,1,1,38.009978,0.505833,12.33839617962,5865,6786
3,1,1,1,36.359978,0.577083,14.81979085476,4914,5713
3,1,1,1,34.82,0.600417,17.83751095962,5703,6591
3,1,1,2,27.944978,0.844167,22.53202976926,5123,5870
3,1,0,3,23.324978,0.865417,22.999238874,3195,4459
3,1,0,2,28.055,0.7625,10.127083518224,4866,7410
3,1,1,1,32.950022,0.694167,14.95360264774,5831,6966
3,1,1,1,33.554978,0.655,22.80019248412,6452,7592
3,1,1,1,31.795022,0.45,17.769688544,6790,8173
3,1,1,1,35.260022,0.596667,30.71018387914,5825,6861
3,1,1,1,35.590022,0.594583,16.49648173376,5645,6904
3,1,0,1,33.884978,0.613333,16.966386483,4451,6685
3,1,0,1,31.630022,0.62375,18.37308160888,4444,6597
3,1,1,1,32.234978,0.66875,16.56387284626,6065,7105
3,1,1,1,31.079978,0.704167,17.8370796565,6248,7216
3,1,1,1,31.355,0.6775,15.22273579462,6506,7580
3,1,1,1,33.665,0.659583,13.94769594612,6278,7261
3,1,1,2,34.544978,0.6425,23.26794071776,5847,7175
3,1,0,1,36.359978,0.613333,27.76060966724,4479,6824
3,1,0,1,34.765022,0.6525,31.31487085338,3757,5464
3,1,1,2,33.665,0.654167,13.94769594612,5780,7013
3,1,1,2,32.564978,0.70375,12.60569628824,5995,7273
3,1,1,2,33.5,0.672917,11.936313846,6271,7534
3,1,1,1,33.884978,0.620417,16.831604258,6090,7286
3,1,1,2,31.244978,0.715833,25.75019799914,4721,5786
3,1,0,2,29.705,0.732917,22.26375922862,4052,6299
3,1,0,1,30.254978,0.530417,13.20995195936,4362,6544
3,1,1,1,31.574978,0.545417,14.68716514536,5676,6883
3,1,1,1,31.960022,0.686667,18.23959329324,5656,6784
3,1,1,1,30.640022,0.619583,18.30569049638,6149,7347
3,1,1,1,31.465022,0.519167,15.28926430088,6267,7605
3,1,1,1,31.739978,0.570833,24.94592550612,5665,7148
3,1,0,1,28.769978,0.603333,19.17864801126,5038,7865
3,1,0,2,25.964978,0.711667,9.321538681,3341,4549
3,1,1,2,25.964978,0.734167,14.01508705862,5504,6530
3,1,1,1,26.845022,0.67375,7.846568271224,5925,7006
3,1,1,1,28.055,0.677083,7.578351643474,6281,7375
3,1,1,1,29.924978,0.635833,9.121608119724,6402,7765
3,1,1,2,30.365,0.615,7.779177158724,6257,7582
3,1,0,2,27.670022,0.712917,26.35348323824,4224,6053
3,1,0,2,27.119978,0.845833,24.67679235924,3772,5255
3,1,1,1,30.419978,0.730417,13.88073613674,5928,6917
3,1,1,1,32.069978,0.62,20.5866370465,6105,7040
3,1,1,1,29.21,0.552083,12.13708544836,6520,7697
3,1,1,1,30.640022,0.590417,8.315168328526,6541,7713
3,1,1,1,34.435022,0.5875,18.17220218074,5917,7350
3,1,0,2,33.719978,0.638333,12.20447656086,3788,6140
3,1,0,2,29.980022,0.815,6.908483985224,3197,5810
3,1,0,1,30.695,0.790833,16.29473969938,4069,6034
3,1,1,1,31.904978,0.755,25.48149615538,5997,6864
3,1,1,1,32.620022,0.74125,20.25054409024,6280,7112
3,1,1,2,29.980022,0.810417,15.35665541338,5592,6203
3,1,1,1,30.419978,0.73625,18.50786383388,6459,7504
3,1,0,2,27.505022,0.799167,30.31025806112,4419,5976
3,1,0,1,24.26,0.5475,24.20645630688,5657,8227
3,1,1,1,22.499978,0.50375,27.89593102114,6407,7525
3,1,1,1,22.115,0.52,9.925815917276,6697,7767
3,1,1,1,23.545022,0.577083,14.21639778988,6820,7870
3,1,1,1,24.425,0.637083,8.919434782224,6750,7804
3,1,1,1,25.799978,0.6725,11.19910898814,6630,8009
3,1,0,1,24.149978,0.501667,26.68914489138,5554,8714
3,1,0,1,22.28,0.57,9.724084665474,5167,7333
3,1,1,2,22.334978,0.734583,16.36169950876,5847,6869
3,1,1,2,25.139978,0.8725,38.55709719286,3702,4073
3,1,1,1,20.465,0.536667,23.2014122115,6803,7591
3,1,1,1,20.080022,0.618333,12.74144894526,6781,7720
3,1,1,1,23.545022,0.66875,16.62986222362,6917,8167
3,1,0,1,26.9,0.646667,30.57755816974,5883,8395
4,1,0,1,18.925022,0.467083,24.07296799124,5453,7907
4,1,1,1,17.935022,0.492917,15.35482237512,6435,7436
4,1,1,1,20.3,0.57,25.48149615538,6693,7538
4,1,1,1,25.91,0.630833,26.352620632,6946,7733
4,1,1,2,26.9,0.690833,14.48553093676,6642,7393
4,1,1,2,24.865022,0.69,17.70272873462,6370,7415
4,1,0,1,19.805,0.542917,24.54157883112,5966,8555
4,1,0,1,18.760022,0.583333,14.55195161724,4874,6889
4,1,1,2,18.374978,0.649167,9.791033692276,6015,6778
4,1,1,3,22.994978,0.871667,11.2650983655,4324,4639
4,1,1,2,27.395,0.79375,7.175352790724,6844,7572
4,1,1,2,27.395,0.722917,12.67448913588,6437,7328
4,1,1,1,24.59,0.6275,11.467271703,6640,8156
4,1,0,1,20.575022,0.664167,28.9000046845,4934,7965
4,1,0,2,11.444978,0.708333,15.22090275636,2729,3510
4,1,0,2,9.299978,0.709583,20.45228612462,4604,5478
4,1,1,2,13.480022,0.761667,20.519245934,5791,6392
4,1,1,1,17.935022,0.630833,20.25194582538,6911,7691
4,1,1,1,12.71,0.463333,19.58073034488,6736,7570
4,1,1,1,12.875,0.539167,25.34897827176,6222,7282
4,1,0,1,9.959978,0.494583,15.75787514076,4857,7109
4,1,0,1,18.430022,0.640417,30.04155621736,4559,6639
4,1,1,2,21.070022,0.7075,31.92042043386,5115,5875
4,1,1,1,14.909978,0.558333,19.64812145738,6612,7534
4,1,1,1,14.084978,0.692917,10.93040714438,6482,7461
4,1,1,2,18.485,0.728333,25.54791683586,6501,7509
4,1,1,2,21.179978,0.815,14.55152031412,4671,5424
4,1,0,1,15.955022,0.572917,12.67351870386,5284,8090
4,1,0,1,14.635022,0.51,17.90490207212,4692,6824
4,1,1,1,16.175,0.568333,8.786000379474,6228,7058
4,1,1,1,19.915022,0.641667,10.194474630724,6625,7466
4,1,1,1,22.775,0.63625,7.847474007776,6898,7693
4,1,1,2,20.3,0.800417,13.4108313875,6484,7359
4,1,1,2,20.024978,0.807083,14.28335759926,6262,7444
4,1,0,2,18.98,0.72,25.41367373976,5209,7852
4,1,0,2,15.515,0.694583,42.91552304624,3461,4459
4,1,1,3,13.04,0.88,38.623194396,20,22
4,1,1,2,5.000012,0.825455,22.96786157202,1009,1096
4,1,1,2,7.595,0.666667,17.97099927526,5147,5566
4,1,1,2,8.144978,0.581667,16.96595517988,5520,5986
4,1,1,1,7.43,0.522083,28.7005269915,5229,5847
4,1,0,2,6.659978,0.49125,29.17000043762,4109,5138
4,1,0,1,5.504978,0.532917,19.31245980424,3906,5107
4,1,1,1,5.065022,0.494167,25.4819274585,4881,5259
4,1,1,1,2.534978,0.567083,18.70917456514,5220,5686
4,1,1,2,3.524978,0.5475,32.79068230424,4709,5035
4,1,1,1,7.243484,0.333478,37.5055801863,4975,5315
4,1,1,1,7.870022,0.540833,23.13488370524,5283,5992
4,1,0,1,9.685022,0.645417,6.237268504724,4446,6536
4,1,0,1,11.774978,0.659167,13.74778695,4562,6852
4,1,0,1,16.01,0.741667,18.70960586826,5172,6269
4,1,1,2,6.659978,0.662917,36.88137674588,3767,4094
4,1,1,1,3.085022,0.552083,21.5247213325,5122,5495
4,1,1,2,5.230022,0.620417,16.49594260486,5125,5445
4,1,1,1,6.77,0.524583,18.4409040245,5214,5698
4,1,0,1,5.45,0.545417,19.37941961362,4316,5629
4,1,0,1,6.605,0.692917,24.54244143736,3747,4669
4,1,1,2,9.134978,0.623333,25.34628262726,5050,5499
4,1,1,2,8.695022,0.685,8.9198876505,5100,5634
4,1,1,1,7.319978,0.61375,11.13258048188,4531,5146
4,1,0,1,6.44,0.580417,5.700835249224,1470,2425
4,1,1,1,8.309978,0.56875,15.96047978138,2307,3910
4,1,0,1,2.369978,0.404583,40.63640953438,1745,2277
4,1,0,1,0.224978,0.468333,16.22777989,2115,2424
4,1,1,1,4.679978,0.535417,5.030072637,4750,5087
4,1,1,2,3.250022,0.786667,25.61530794836,3836,3959
4,1,1,1,3.580022,0.50625,22.73193876538,5062,5260
4,1,1,1,2.53742,0.555652,12.45624975716,5080,5323
4,1,1,1,3.689978,0.649583,6.304659617224,5306,5668
4,1,0,2,3.689978,0.806667,6.437651934276,4240,5191
4,1,0,2,6.935,0.823333,13.41126269062,3757,4649
4,1,1,1,13.865,0.7675,8.919434782224,5679,6234
4,1,1,1,15.404978,0.73375,18.77559524562,6055,6606
4,1,1,1,12.929978,0.485,34.93781706138,5398,5729
4,1,1,1,0.884977999999997,0.50875,18.84298635812,5035,5375
4,1,1,2,5.174978,0.764167,14.082046868,4659,5008
4,1,0,2,9.190022,0.91125,10.93126975062,4429,5582
4,1,0,2,9.355022,0.905417,17.0337775955,2787,3228
4,1,1,2,12.764978,0.925,20.52010854024,4841,5170
4,1,1,2,7.319978,0.596667,31.92042043386,5219,5501
4,1,1,2,3.635,0.538333,17.56880911586,5009,5319
4,1,1,1,3.524978,0.485833,18.77559524562,5107,5532
4,1,1,1,2.590022,0.642917,14.14986928362,5182,5611
4,1,0,1,5.395022,0.650417,11.467271703,4280,5047
4,1,0,2,7.925,0.83875,10.86258472876,3248,3786
4,1,1,2,9.959978,0.907083,10.594777838974,4373,4585
4,1,1,1,11.114978,0.66625,23.87305899512,5124,5557
4,1,1,1,5.945,0.625417,19.84986349176,4934,5267
4,1,1,2,5.78,0.667917,14.28292629614,3814,4128
1,1,1,2,5.560022,0.556667,40.36813899374,3402,3623
1,1,0,1,1.544978,0.44125,43.92240017988,1544,1749
1,1,0,1,0.224978,0.515417,14.34977827974,1379,1787
1,1,1,2,-0.733936,0.791304,8.327428119712,746,920
1,1,0,2,3.226064,0.734783,18.19301255628,573,1013
1,1,1,3,0.059978000000001,0.823333,34.13181935588,432,441
1,1,1,2,0.775022,0.652917,37.75336382874,1867,2114
1,1,1,2,0.719977999999998,0.59,16.76378184238,2451,3095
1,1,0,2,0.719977999999998,0.752917,13.41169399374,1182,1341
1,1,0,1,0.884977999999997,0.483333,37.82032363812,1432,1796
1,1,1,2,-1.755022,0.5775,16.69639072988,2290,2729
