carat,cut,color,clarity,depth,table,price,x,y,z
0.28,Ideal,F,VVS2,62.6,55.0,787,4.2,4.23,2.64
0.71,Very Good,F,SI1,62.1,59.0,2346,5.64,5.73,3.53
0.26,Ideal,G,VS1,62.1,55.0,478,4.09,4.12,2.55
1.0,Good,D,VS2,64.1,58.0,6389,6.24,6.33,4.03
1.2,Good,I,VS1,59.6,61.0,5818,6.84,6.89,4.09
0.57,Very Good,G,SI1,63.4,57.0,1369,5.26,5.21,3.32
0.75,Ideal,E,SI2,62.1,57.0,2278,5.81,5.85,3.62
0.3,Ideal,F,VS1,62.6,57.0,570,4.29,4.34,2.7
0.64,Good,F,IF,58.6,61.0,2980,5.69,5.71,3.34
0.73,Premium,E,VS2,62.0,57.0,2854,5.86,5.76,3.6
0.35,Ideal,J,VS1,62.6,53.7,483,4.51,4.54,2.83
0.52,Very Good,I,VS1,61.0,58.0,1310,5.18,5.22,3.17
1.01,Very Good,D,SI1,59.8,56.0,5394,6.57,6.6,3.94
0.32,Ideal,F,VS2,62.4,56.0,828,4.37,4.35,2.72
1.01,Good,G,VVS1,63.1,59.0,7279,6.33,6.42,4.02
0.59,Good,I,VVS2,57.8,61.0,1427,5.52,5.6,3.21
2.04,Premium,E,SI2,62.7,60.0,15398,8.04,8.0,5.03
0.56,Premium,D,SI1,61.4,58.0,1723,5.29,5.33,3.26
0.39,Very Good,F,VS2,58.8,59.0,821,4.8,4.83,2.83
0.61,Ideal,E,VVS1,59.9,61.0,3212,5.5,5.55,3.31
0.51,Ideal,I,SI1,62.5,57.0,1122,5.1,5.07,3.18
0.26,Good,F,VVS1,63.3,57.0,564,4.05,4.07,2.57
0.31,Good,G,VS1,63.3,57.0,583,4.28,4.31,2.72
0.7,Good,G,SI1,63.7,60.0,2150,5.57,5.51,3.53
1.16,Ideal,G,VVS1,62.0,57.0,9526,6.72,6.74,4.17
0.41,Premium,H,VVS1,61.4,60.0,1115,4.78,4.73,2.92
0.53,Premium,E,SI1,60.0,60.0,1607,5.27,5.24,3.21
1.11,Very Good,H,SI2,59.8,60.0,4456,6.66,6.75,4.01
0.36,Premium,D,SI1,60.4,58.0,851,4.64,4.6,2.79
0.44,Premium,I,VVS1,61.5,58.0,990,4.95,4.87,3.02
0.73,Good,G,I1,63.9,55.0,1210,5.76,5.69,3.65
1.08,Very Good,F,VS2,63.1,57.0,6319,6.56,6.5,4.12
2.01,Premium,E,SI1,60.4,61.0,12898,8.05,7.98,4.84
0.7,Good,H,VS2,64.5,57.0,2137,5.53,5.57,3.58
0.45,Premium,F,SI2,62.6,57.0,996,4.94,4.87,3.07
0.7,Premium,H,VVS1,58.3,60.0,2603,5.83,5.8,3.39
0.56,Ideal,G,VVS1,62.3,55.0,2055,5.25,5.31,3.29
0.31,Very Good,F,VS2,61.4,62.0,625,4.32,4.34,2.66
1.15,Ideal,G,VVS1,62.7,56.0,10644,6.69,6.67,4.19
1.78,Premium,H,VS1,60.2,59.0,15601,7.96,7.83,4.75
1.51,Premium,H,SI1,61.5,58.0,8752,7.38,7.31,4.52
1.03,Very Good,G,VS1,62.2,57.0,6539,6.42,6.47,4.01
0.63,Good,J,SI1,59.9,64.0,1134,5.63,5.58,3.36
0.8,Very Good,H,SI2,59.7,58.0,2263,6.03,6.09,3.62
1.07,Premium,F,SI2,58.2,58.0,4319,6.79,6.72,3.93
0.35,Good,G,SI1,63.8,54.0,522,4.46,4.48,2.85
1.34,Ideal,I,VS1,62.2,57.0,7016,7.02,7.06,4.38
1.14,Premium,H,SI1,62.1,59.0,4463,6.73,6.61,4.14
0.55,Ideal,G,VVS1,61.2,56.0,2077,5.27,5.3,3.24
0.51,Ideal,E,VS1,61.5,53.0,1708,5.17,5.24,3.2
1.15,Very Good,D,SI1,61.7,58.0,5932,6.69,6.76,4.15
0.78,Very Good,E,VS1,60.9,57.0,3420,5.94,5.88,3.59
1.0,Premium,F,SI2,61.6,61.0,4452,6.36,6.33,3.91
0.55,Very Good,F,SI1,59.5,61.0,1410,5.28,5.41,3.18
0.7,Premium,F,SI1,60.4,58.0,2196,5.76,5.82,3.5
0.97,Premium,F,SI2,58.9,58.0,4020,6.51,6.47,3.82
1.09,Ideal,I,VS2,61.8,57.0,5904,6.55,6.59,4.06
0.72,Ideal,F,SI2,61.2,58.0,2300,5.72,5.78,3.52
0.8,Very Good,F,VS1,63.8,55.0,3603,5.84,5.89,3.74
1.64,Premium,J,SI2,63.0,58.0,5624,7.54,7.49,4.74
0.3,Very Good,D,VS2,62.5,57.0,670,4.26,4.28,2.67
0.82,Premium,F,SI2,60.3,57.0,2723,6.07,6.03,3.65
0.54,Very Good,F,SI1,63.0,57.0,1255,5.18,5.23,3.28
1.61,Ideal,G,VS1,61.9,55.0,14341,7.58,7.55,4.68
0.55,Premium,I,VVS1,61.3,59.0,1593,5.27,5.3,3.24
1.83,Very Good,E,SI2,62.8,56.0,13134,7.76,7.82,4.89
0.6,Ideal,F,VVS2,60.8,57.0,2856,5.44,5.49,3.32
1.05,Premium,E,SI2,62.2,59.0,3886,6.51,6.44,4.03
1.28,Very Good,I,SI1,63.6,54.0,5920,6.87,6.9,4.38
0.41,Premium,G,VS1,62.7,57.0,961,4.77,4.74,2.98
0.9,Very Good,F,SI1,63.2,61.0,3881,6.13,6.09,3.86
0.7,Ideal,E,VS2,60.8,56.0,3504,5.74,5.78,3.5
0.42,Premium,I,SI1,61.2,60.0,803,4.82,4.78,2.94
0.33,Very Good,G,VS2,62.6,58.0,579,4.36,4.4,2.74
1.05,Good,E,I1,64.1,58.0,2066,6.46,6.32,4.09
0.35,Premium,H,SI2,61.6,58.0,566,4.54,4.49,2.78
0.9,Very Good,G,SI1,63.8,57.0,3752,6.04,6.13,3.88
0.56,Ideal,F,SI2,61.8,57.0,1103,5.28,5.33,3.28
1.01,Good,D,VS2,61.8,59.0,6912,6.28,6.35,3.9
0.9,Very Good,D,SI1,63.4,53.0,4187,6.1,6.17,3.89
0.35,Premium,G,VVS1,61.8,57.0,1103,4.53,4.5,2.79
0.52,Ideal,D,VS2,62.6,55.0,1822,5.12,5.14,3.21
0.33,Ideal,G,VS2,62.5,57.0,579,4.39,4.41,2.75
1.0,Very Good,E,SI2,60.6,60.0,4576,6.33,6.4,3.86
1.76,Premium,D,SI1,61.0,60.0,12063,7.76,7.68,4.77
0.53,Ideal,F,SI1,62.9,57.0,1363,5.18,5.15,3.25
0.3,Premium,E,SI1,62.4,58.0,675,4.28,4.24,2.66
1.07,Ideal,G,SI2,62.1,55.0,4752,6.54,6.61,4.08
0.5,Very Good,F,VS1,62.6,59.0,1738,5.03,5.06,3.16
0.7,Ideal,H,VVS1,62.0,57.0,2541,5.66,5.7,3.52
0.39,Premium,D,VS2,61.4,60.0,1024,4.72,4.7,2.89
0.51,Good,G,VVS2,63.7,54.0,1800,5.08,5.1,3.24
0.59,Very Good,E,SI2,63.8,57.0,1286,5.31,5.34,3.4
0.59,Ideal,E,SI1,60.7,56.0,1793,5.45,5.49,3.32
1.53,Premium,H,VS2,59.9,60.0,10827,7.5,7.46,4.48
0.9,Ideal,I,VS1,61.6,56.0,3677,6.22,6.16,3.81
0.38,Ideal,D,VS2,61.8,56.0,1013,4.65,4.67,2.88
0.35,Very Good,G,VVS2,62.8,58.0,798,4.44,4.48,2.8
1.57,Very Good,H,SI1,62.4,58.0,12392,7.39,7.49,4.64
0.41,Good,E,VS1,62.8,58.0,827,4.67,4.7,2.94
0.61,Ideal,E,VVS2,61.3,54.0,2823,5.51,5.59,3.4
2.07,Premium,I,SI1,62.9,59.0,16392,8.15,8.09,5.11
0.43,Premium,D,SI1,62.4,60.0,1022,4.82,4.79,3.0
0.9,Ideal,D,SI2,60.8,56.0,4241,6.24,6.26,3.8
0.79,Premium,H,SI1,61.8,59.0,2275,5.97,5.91,3.67
1.02,Good,H,SI1,63.9,55.0,4558,6.4,6.37,4.08
1.01,Fair,D,SI1,66.2,56.0,5122,6.05,6.1,4.02
0.4,Premium,F,VS1,60.4,59.0,1050,4.76,4.75,2.87
0.73,Ideal,I,VVS1,61.8,57.0,3239,5.75,5.77,3.56
0.5,Ideal,F,VVS2,62.2,54.0,2025,5.07,5.12,3.17
0.3,Premium,G,VS2,61.8,60.0,630,4.29,4.25,2.64
0.71,Ideal,G,VVS2,61.5,57.0,3909,5.74,5.78,3.54
0.23,Ideal,H,VS2,62.3,53.0,512,3.96,3.99,2.48
0.32,Ideal,F,VS2,61.3,56.0,828,4.43,4.41,2.71
1.05,Premium,E,SI1,61.2,58.0,5433,6.57,6.53,4.01
0.41,Ideal,F,VS1,62.1,56.0,1076,4.76,4.74,2.95
0.7,Very Good,G,SI1,61.7,56.0,2310,5.66,5.75,3.52
1.02,Premium,D,SI1,62.5,59.0,5998,6.4,6.34,3.98
2.1,Ideal,I,SI1,61.7,55.0,13182,8.21,8.13,5.04
0.33,Ideal,E,VS2,60.3,57.0,928,4.54,4.51,2.73
0.61,Ideal,G,VVS2,60.1,57.0,2816,5.52,5.54,3.32
1.34,Ideal,H,VS2,61.2,56.0,6078,7.09,7.05,4.33
0.38,Very Good,I,VS2,61.7,56.0,680,4.65,4.68,2.88
1.52,Premium,I,I1,61.2,58.0,3541,7.43,7.35,4.52
0.7,Premium,F,SI2,62.6,58.0,2075,5.64,5.6,3.52
1.03,Ideal,D,VS1,61.5,57.0,8742,6.48,6.52,4.0
0.52,Ideal,F,VS1,61.3,56.0,2123,5.19,5.22,3.19
0.51,Ideal,H,VS1,61.6,55.0,1668,5.17,5.19,3.19
0.9,Good,D,SI2,63.6,57.0,3740,6.07,6.03,3.85
0.38,Premium,F,VS1,62.4,59.0,998,4.63,4.57,2.87
1.31,Premium,I,VS2,61.9,59.0,6438,7.02,6.98,4.33
0.38,Premium,I,SI1,60.5,58.0,581,4.67,4.72,2.84
0.55,Ideal,F,VS2,61.1,57.0,1819,5.3,5.27,3.23
0.57,Very Good,D,VS2,61.4,56.0,1998,5.34,5.37,3.29
0.43,Very Good,E,VVS2,59.3,59.0,1291,4.95,4.97,2.94
0.7,Ideal,H,SI2,61.1,57.0,1817,5.73,5.76,3.51
0.31,Good,D,SI1,63.7,54.0,732,4.35,4.31,2.76
1.59,Premium,H,SI1,61.0,58.0,8829,7.58,7.51,4.6
1.73,Ideal,H,SI1,62.7,56.0,11688,7.62,7.67,4.79
1.06,Ideal,G,VS2,61.8,57.0,6128,6.52,6.56,4.04
1.02,Very Good,F,SI2,60.0,60.0,4207,6.53,6.57,3.93
0.78,Premium,F,SI2,62.7,56.0,2444,5.87,5.84,3.67
0.7,Fair,G,VS2,64.9,57.0,2479,5.55,5.54,3.6
1.01,Premium,G,VS2,62.4,58.0,6108,6.41,6.38,3.99
0.7,Fair,G,VVS2,65.3,61.0,2710,5.58,5.48,3.61
0.4,Ideal,H,SI1,61.8,57.0,896,4.75,4.77,2.94
0.4,Ideal,G,VVS2,61.4,53.0,883,4.73,4.81,2.93
1.02,Very Good,D,SI1,60.3,56.0,6863,6.55,6.57,3.96
1.0,Good,E,VVS2,65.3,56.0,7226,6.19,6.24,4.06
0.7,Very Good,G,VS1,60.8,56.0,2512,5.72,5.76,3.49
0.73,Ideal,F,SI2,62.1,56.0,2276,5.77,5.8,3.59
0.39,Very Good,E,VS1,62.5,58.0,914,4.67,4.7,2.93
1.29,Premium,I,SI1,62.2,58.0,6140,7.03,6.96,4.35
0.7,Ideal,E,SI1,60.2,58.0,2617,5.75,5.78,3.47
1.11,Very Good,D,SI2,59.9,57.0,5042,6.72,6.74,4.03
0.32,Premium,J,VS1,61.7,58.0,540,4.4,4.38,2.71
0.3,Ideal,G,VVS1,60.9,56.8,735,4.34,4.38,2.65
1.02,Premium,H,SI2,61.1,61.0,4113,6.51,6.48,3.97
0.39,Ideal,G,VS1,61.3,56.0,752,4.68,4.71,2.88
0.43,Premium,F,VS1,61.0,57.0,1129,4.89,4.84,2.97
0.91,Very Good,G,VS2,64.0,56.6,4105,6.09,6.15,3.92
0.38,Ideal,G,SI1,60.6,57.0,695,4.71,4.76,2.87
0.74,Ideal,G,VS1,61.2,56.0,3635,5.83,5.86,3.58
0.34,Premium,E,VS2,62.7,56.0,893,4.51,4.48,2.82
0.43,Very Good,E,SI1,63.1,56.0,948,4.83,4.8,3.04
0.27,Very Good,E,VS1,62.9,56.0,470,4.12,4.15,2.6
1.12,Premium,I,SI1,61.3,58.0,4077,6.69,6.68,4.1
0.26,Ideal,F,VS1,62.3,56.0,452,4.08,4.1,2.55
1.01,Premium,E,SI2,62.6,57.0,4751,6.35,6.33,3.97
1.52,Very Good,J,SI1,59.9,57.0,7759,7.45,7.47,4.47
0.77,Very Good,G,SI1,63.2,57.0,2586,5.86,5.76,3.67
1.0,Good,G,VS2,63.5,59.0,5860,6.23,6.33,3.99
2.22,Ideal,I,VS2,61.3,56.0,18531,8.45,8.36,5.15
0.3,Ideal,E,VVS2,61.7,53.8,779,4.31,4.34,2.67
1.09,Ideal,I,VS1,61.4,56.0,6225,6.61,6.66,4.07
1.22,Ideal,G,VVS1,61.1,56.0,10888,6.91,6.94,4.23
0.71,Ideal,H,SI2,62.2,55.0,2360,5.72,5.7,3.55
1.21,Ideal,J,VS2,62.5,57.0,5707,6.79,6.74,4.23
0.41,Very Good,G,VS2,61.4,59.2,813,4.76,4.78,2.93
0.5,Ideal,E,SI1,60.1,57.0,1410,5.14,5.27,3.13
0.37,Premium,I,VS1,61.4,59.0,584,4.55,4.61,2.81
0.9,Good,E,SI1,58.3,61.0,4165,6.24,6.29,3.65
1.04,Fair,I,I1,67.3,56.0,2037,6.34,6.23,4.22
0.5,Ideal,H,VVS2,60.3,58.0,1608,5.14,5.21,3.12
1.12,Premium,G,SI2,61.0,60.0,3838,6.7,6.64,4.07
0.51,Ideal,D,VS1,62.4,57.0,1779,5.09,5.13,3.19
0.71,Ideal,D,SI1,60.2,56.0,2822,5.86,5.83,3.52
0.3,Ideal,D,VVS2,61.7,57.0,1041,4.3,4.32,2.66
1.04,Very Good,H,SI1,62.0,58.0,5285,6.42,6.48,4.0
0.72,Premium,E,VS2,60.9,60.0,2822,5.8,5.76,3.52
1.01,Premium,H,VS1,61.2,61.0,5294,6.44,6.41,3.93
1.14,Good,G,SI2,63.7,58.0,4501,6.62,6.54,4.19
0.7,Very Good,H,VS1,62.1,56.0,2422,5.65,5.68,3.52
1.33,Premium,F,SI2,60.7,62.0,5288,7.12,7.07,4.31
1.56,Premium,I,VVS2,60.5,58.0,8858,7.53,7.45,4.53
1.0,Ideal,E,SI1,62.8,54.2,5728,6.32,6.4,4.01
2.01,Ideal,H,SI1,65.1,56.0,16733,7.91,7.84,5.12
0.32,Premium,E,I1,60.9,58.0,444,4.42,4.38,2.68
1.67,Ideal,G,VS1,61.5,55.0,16643,7.62,7.67,4.7
1.51,Good,D,SI2,62.1,60.0,9069,7.25,7.3,4.52
1.1,Very Good,I,SI2,60.5,59.0,4202,6.65,6.71,4.04
1.01,Ideal,F,SI1,60.0,56.0,5274,6.55,6.49,3.91
1.02,Very Good,E,VS2,60.0,59.0,6915,6.54,6.59,3.94
0.32,Ideal,H,VVS1,62.2,56.0,936,4.38,4.37,2.72
0.72,Premium,E,SI1,62.8,52.0,2333,5.78,5.72,3.61
1.08,Premium,G,SI2,62.9,59.0,4627,6.57,6.53,4.12
0.48,Ideal,F,IF,62.1,55.0,2154,5.0,5.05,3.12
1.0,Good,E,VS2,57.4,58.0,6050,6.57,6.61,3.78
1.61,Ideal,G,SI1,62.4,55.0,11859,7.51,7.48,4.68
0.32,Ideal,E,VS2,61.0,56.0,662,4.4,4.42,2.69
0.73,Premium,E,VS1,62.6,60.0,2876,5.68,5.75,3.58
0.61,Premium,D,VS1,62.4,57.0,2207,5.46,5.44,3.4
1.06,Very Good,E,SI2,62.1,56.0,4972,6.52,6.59,4.07
0.41,Premium,E,VS1,60.8,59.0,1079,4.76,4.82,2.91
1.2,Good,I,VS1,57.8,61.0,5570,7.02,6.96,4.04
0.9,Good,H,SI1,62.8,62.0,3447,6.05,6.09,3.81
0.28,Ideal,G,IF,61.5,57.0,650,4.19,4.21,2.58
1.0,Good,H,SI2,63.7,58.0,3472,6.28,6.15,3.96
0.31,Ideal,G,VVS1,62.3,53.0,778,4.37,4.42,2.74
1.01,Fair,H,SI2,65.4,59.0,2846,6.3,6.26,4.11
0.93,Premium,E,I1,62.3,60.0,2624,6.2,6.23,3.87
0.32,Ideal,D,SI1,62.6,55.0,756,4.39,4.36,2.74
0.54,Ideal,G,VVS2,60.6,56.0,2090,5.27,5.26,3.19
0.31,Very Good,G,VVS1,62.8,57.0,761,4.3,4.33,2.71
1.05,Good,G,SI2,63.2,54.0,4241,6.49,6.52,4.11
0.33,Ideal,G,VS1,62.4,56.0,666,4.43,4.45,2.77
0.7,Ideal,F,SI2,62.0,55.0,2259,5.69,5.73,3.54
0.61,Very Good,E,VS1,61.1,58.0,2243,5.47,5.52,3.36
1.1,Very Good,I,SI1,60.4,61.0,4235,6.69,6.73,4.05
0.7,Fair,I,I1,68.6,57.0,1147,5.46,5.34,3.71
1.01,Good,F,SI2,63.6,59.0,4072,6.38,6.34,4.04
2.0,Good,J,VS1,62.4,58.0,14973,8.01,8.08,5.02
0.3,Ideal,H,VVS1,62.0,56.0,665,4.29,4.32,2.67
0.31,Ideal,F,VS2,61.9,55.0,802,4.35,4.31,2.68
0.35,Ideal,E,SI1,61.0,57.0,788,4.57,4.54,2.78
0.51,Ideal,E,SI1,62.3,56.0,1443,5.15,5.12,3.2
0.71,Ideal,E,SI2,59.5,57.0,2511,5.87,5.82,3.48
0.9,Ideal,H,SI2,62.6,57.0,3548,6.16,6.07,3.83
1.51,Ideal,J,VS1,62.7,56.0,8092,7.3,7.35,4.59
0.4,Ideal,D,VVS2,62.8,56.0,1111,4.68,4.72,2.95
0.31,Ideal,D,SI1,61.7,55.0,565,4.37,4.41,2.71
1.23,Premium,I,VS2,61.7,58.0,5521,6.85,6.87,4.23
1.15,Very Good,H,SI2,61.4,58.0,4418,6.7,6.75,4.13
0.78,Very Good,E,SI1,59.8,57.0,3385,5.98,6.02,3.59
0.73,Ideal,I,VVS2,60.1,56.0,2451,5.88,5.86,3.53
0.37,Ideal,E,SI1,61.9,56.0,833,4.6,4.57,2.84
1.53,Ideal,G,SI2,61.7,57.0,7240,7.44,7.41,4.58
0.4,Premium,F,VS2,59.7,58.0,1080,4.83,4.79,2.87
0.7,Ideal,E,VS2,61.7,56.0,2979,5.74,5.71,3.53
1.01,Premium,E,SI1,59.2,60.0,5656,6.56,6.51,3.87
0.7,Premium,J,VS2,61.2,60.0,1940,5.73,5.7,3.5
1.11,Very Good,E,SI2,61.7,63.0,4102,6.54,6.65,4.07
0.31,Premium,H,VS1,62.4,58.0,544,4.32,4.36,2.71
0.9,Good,D,SI1,64.1,56.0,3755,6.04,6.07,3.88
0.93,Good,F,SI2,59.4,61.0,3418,6.24,6.25,3.71
2.01,Very Good,H,VS2,63.5,59.0,16677,7.92,7.86,5.01
0.51,Very Good,G,SI1,63.0,53.0,1220,5.1,5.13,3.22
0.26,Very Good,H,VVS2,60.5,56.0,486,4.13,4.16,2.51
0.53,Premium,F,SI2,62.5,57.0,1242,5.17,5.11,3.21
1.01,Premium,D,SI2,61.8,57.0,4338,6.47,6.42,3.98
0.9,Premium,I,SI2,60.6,60.0,3001,6.23,6.28,3.79
1.0,Ideal,J,SI1,59.2,62.0,3929,6.47,6.5,3.84
0.24,Ideal,F,VVS2,62.1,56.0,678,3.96,3.99,2.46
0.3,Ideal,H,VS2,62.3,56.0,491,4.27,4.3,2.67
1.1,Premium,E,SI2,60.9,60.0,4622,6.66,6.61,4.04
0.55,Ideal,I,SI1,61.3,56.0,1367,5.29,5.34,3.26
0.53,Ideal,E,VVS2,62.0,58.0,2230,5.16,5.2,3.21
0.34,Ideal,F,VS2,62.9,55.0,880,4.48,4.46,2.81
0.41,Ideal,D,VS1,61.2,57.0,1018,4.77,4.81,2.93
0.3,Premium,H,VS1,61.0,58.0,526,4.28,4.31,2.62
0.9,Fair,F,VS2,58.9,67.0,3992,6.18,6.17,3.64
0.53,Very Good,H,SI1,61.7,60.0,1152,5.17,5.21,3.2
0.39,Ideal,D,VS2,61.4,56.0,1197,4.71,4.73,2.9
0.3,Ideal,H,VVS1,61.6,57.0,665,4.3,4.34,2.66
0.52,Ideal,F,VVS2,61.6,57.0,2168,5.16,5.2,3.19
0.33,Premium,I,SI1,61.4,58.0,572,4.5,4.46,2.75
1.51,Premium,F,VS2,62.5,58.0,14294,7.36,7.21,4.55
0.54,Premium,G,VS1,61.6,56.0,1847,5.26,5.23,3.23
0.58,Ideal,F,VS1,60.3,57.0,2227,5.47,5.44,3.29
0.39,Very Good,G,VVS2,63.4,57.0,956,4.65,4.62,2.94
0.35,Ideal,H,IF,60.9,57.0,1028,4.58,4.6,2.8
0.32,Good,D,SI2,63.7,56.0,612,4.34,4.33,2.76
0.56,Premium,G,VS1,61.2,60.0,1915,5.3,5.26,3.23
0.41,Ideal,F,VVS2,62.6,55.0,1115,4.73,4.76,2.97
0.55,Ideal,D,VS2,61.0,56.0,1768,5.31,5.28,3.23
0.51,Ideal,D,VS2,61.8,55.0,1882,5.16,5.1,3.17
1.19,Ideal,H,VS2,62.0,54.0,7633,6.79,6.83,4.22
0.55,Premium,D,SI1,60.5,60.0,1698,5.3,5.27,3.2
1.25,Ideal,E,VS2,60.7,56.0,11422,6.97,6.99,4.24
1.01,Premium,H,VS1,62.7,58.0,5294,6.39,6.37,4.0
1.03,Premium,F,VS2,60.5,59.0,5330,6.6,6.52,3.97
1.75,Ideal,H,I1,61.5,55.0,7409,7.78,7.75,4.78
0.82,Ideal,G,SI1,60.7,57.0,3123,6.07,6.06,3.68
1.29,Very Good,J,SI2,63.5,57.0,3884,6.89,6.87,4.37
0.78,Ideal,H,VVS2,61.7,55.0,3015,5.9,5.94,3.65
0.46,Premium,F,VS1,60.5,58.0,1432,5.02,4.97,3.02
0.5,Very Good,E,SI1,60.9,58.0,1331,5.1,5.14,3.12
1.7,Very Good,J,SI1,59.1,61.0,7713,7.79,7.85,4.62
0.54,Premium,F,SI1,62.3,58.0,1693,5.26,5.2,3.26
1.52,Premium,F,VS2,59.4,60.0,13530,7.61,7.5,4.49
1.02,Premium,J,VS2,61.6,58.0,3513,6.4,6.35,3.93
0.5,Premium,E,SI1,62.3,58.0,1415,5.15,5.09,3.19
0.24,Very Good,D,VVS1,59.2,59.0,478,4.04,4.1,2.41
1.02,Premium,D,SI2,61.3,62.0,4044,6.46,6.42,3.95
0.3,Ideal,F,IF,60.7,56.0,1131,4.35,4.38,2.65
2.04,Premium,I,SI2,60.2,59.0,15543,8.28,8.22,4.97
1.52,Premium,D,SI1,60.2,58.0,12502,7.49,7.46,4.5
1.09,Very Good,G,VS1,59.7,63.0,6453,6.65,6.74,4.0
0.38,Premium,D,SI1,59.1,58.0,635,4.74,4.77,2.81
0.41,Ideal,D,VS1,61.1,56.0,1427,4.8,4.83,2.94
1.14,Very Good,E,VS1,63.1,59.0,8315,6.63,6.61,4.18
0.4,Ideal,E,SI1,62.2,54.0,1074,4.76,4.72,2.95
0.97,Fair,F,SI1,56.4,66.0,4063,6.59,6.54,3.7
0.56,Ideal,I,VVS1,62.0,56.0,1698,5.29,5.26,3.27
1.13,Ideal,G,VVS1,59.6,57.0,9872,6.89,6.81,4.08
0.72,Very Good,E,VS2,59.8,57.0,3270,5.84,5.89,3.51
0.59,Ideal,F,SI1,61.7,56.0,1652,5.36,5.4,3.32
0.33,Ideal,F,VS2,61.6,56.0,854,4.46,4.44,2.74
0.32,Premium,G,VS2,61.5,58.0,561,4.35,4.4,2.69
0.37,Premium,E,SI1,61.8,58.0,833,4.64,4.59,2.85
0.72,Good,D,VS2,64.0,54.0,2827,5.68,5.7,3.64
0.5,Ideal,D,VS2,61.8,56.0,1893,5.11,5.14,3.16
1.01,Good,D,SI1,63.9,61.0,5055,6.28,6.31,4.02
0.53,Ideal,D,VS2,61.2,57.0,1857,5.2,5.26,3.2
2.06,Premium,G,SI2,62.7,58.0,17650,8.12,8.09,5.08
0.58,Fair,E,VS1,57.9,56.0,2192,5.52,5.49,3.19
1.0,Premium,F,VS1,62.3,61.0,7336,6.38,6.33,3.96
0.35,Ideal,I,IF,62.5,55.0,945,4.54,4.52,2.83
0.7,Ideal,F,VS1,61.5,55.0,3261,5.73,5.75,3.53
0.37,Ideal,D,SI1,61.1,57.0,823,4.63,4.64,2.83
0.31,Premium,G,VS1,61.8,59.0,802,4.35,4.32,2.68
0.33,Ideal,F,VS2,62.3,55.0,666,4.42,4.47,2.77
1.5,Very Good,F,VS1,60.5,55.0,15585,7.39,7.48,4.5
0.95,Very Good,E,SI2,58.7,63.0,3527,6.43,6.37,3.76
0.41,Premium,D,SI1,62.1,59.0,1015,4.76,4.74,2.95
1.23,Very Good,G,SI2,60.8,59.0,5037,6.88,6.97,4.21
1.5,Premium,G,VS1,60.2,58.0,13720,7.41,7.38,4.45
1.09,Premium,D,SI2,61.9,61.0,3961,6.58,6.54,4.06
0.41,Very Good,E,SI1,60.0,58.0,674,4.79,4.88,2.9
0.73,Very Good,E,SI1,57.7,61.0,2844,5.92,5.96,3.43
1.06,Ideal,F,I1,61.8,55.0,3544,6.55,6.58,4.06
0.32,Ideal,E,VVS2,61.0,55.0,808,4.43,4.45,2.71
1.21,Very Good,F,SI1,59.4,56.0,6708,6.95,7.0,4.14
0.41,Very Good,F,IF,61.6,58.0,1313,4.75,4.79,2.94
0.31,Ideal,H,VVS2,61.4,55.0,609,4.37,4.39,2.69
1.28,Good,J,SI1,63.4,59.0,4878,6.84,6.89,4.35
0.36,Premium,G,VS2,62.5,58.0,756,4.55,4.51,2.83
0.57,Ideal,E,VS1,61.0,56.0,2297,5.38,5.4,3.29
1.05,Very Good,G,SI2,62.6,62.0,4516,6.45,6.49,4.05
0.29,Very Good,G,VS2,61.9,55.0,471,4.25,4.28,2.64
0.93,Ideal,D,SI2,62.5,55.0,3990,6.2,6.24,3.89
1.64,Premium,I,SI2,61.3,58.0,8743,7.62,7.58,4.66
1.01,Very Good,D,SI1,63.6,59.0,6270,6.33,6.37,4.04
0.23,Very Good,E,VVS1,62.1,58.0,530,3.9,3.93,2.43
0.61,Premium,F,VS2,59.6,61.0,2075,5.58,5.5,3.3
0.54,Ideal,F,VVS2,61.2,55.0,2333,5.27,5.25,3.22
0.31,Ideal,D,VS1,60.5,55.0,683,4.39,4.43,2.67
0.61,Ideal,G,VVS1,62.7,58.0,2544,5.39,5.43,3.39
1.51,Premium,F,SI1,61.4,58.0,11817,7.43,7.35,4.54
0.9,Ideal,F,SI1,61.3,56.0,4724,6.21,6.23,3.81
0.35,Ideal,F,VVS2,61.2,56.0,872,4.56,4.58,2.8
0.56,Very Good,F,SI1,63.3,56.0,1338,5.26,5.22,3.32
0.31,Very Good,H,VVS2,62.4,58.0,625,4.28,4.31,2.68
0.41,Ideal,F,VVS2,62.5,56.0,1192,4.75,4.72,2.96
0.6,Premium,E,VS1,61.0,61.0,1875,5.46,5.39,3.31
0.35,Ideal,E,VS1,61.9,56.0,1063,4.53,4.51,2.8
0.76,Ideal,E,SI2,62.8,56.0,2873,5.78,5.82,3.64
0.58,Ideal,D,SI1,61.1,57.0,1737,5.36,5.41,3.29
0.39,Premium,E,VS2,61.3,61.0,951,4.7,4.66,2.87
0.7,Ideal,E,SI1,62.8,56.0,2537,5.69,5.72,3.58
0.27,Very Good,F,VVS2,60.8,59.0,591,4.17,4.19,2.54
1.5,Very Good,H,SI1,61.0,55.0,9987,7.35,7.44,4.51
1.51,Premium,F,VS2,62.2,60.0,13474,7.25,7.34,4.54
1.11,Ideal,H,SI1,62.7,56.0,5386,6.65,6.59,4.15
1.05,Ideal,I,VS1,61.5,55.0,5101,6.56,6.61,4.05
1.2,Ideal,H,VS2,60.8,55.0,7190,6.9,6.85,4.18
1.51,Fair,G,VS2,58.1,67.0,10553,7.59,7.49,4.38
1.09,Very Good,H,SI1,63.2,57.0,4871,6.57,6.54,4.14
0.3,Premium,E,VS2,62.0,58.0,844,4.29,4.26,2.65
0.3,Very Good,G,VVS2,63.0,57.0,684,4.28,4.32,2.71
0.51,Premium,D,SI1,60.1,60.0,1569,5.15,5.17,3.1
0.46,Very Good,F,SI2,61.6,55.0,859,4.98,5.02,3.08
1.07,Ideal,E,SI2,61.2,56.0,4799,6.63,6.66,4.07
0.36,Premium,E,SI1,62.2,59.0,756,4.57,4.53,2.83
1.13,Very Good,D,SI2,62.3,60.0,5408,6.59,6.7,4.14
0.53,Ideal,I,VS1,62.3,56.0,1427,5.19,5.23,3.24
0.54,Premium,E,SI1,62.2,58.0,1637,5.26,5.23,3.26
0.6,Premium,H,VS1,60.8,59.0,2376,5.49,5.43,3.32
0.3,Ideal,D,VS2,61.3,56.0,670,4.32,4.36,2.66
0.36,Premium,F,SI1,61.6,60.0,600,4.54,4.61,2.82
0.42,Ideal,I,VVS1,60.2,57.0,884,4.85,4.88,2.93
1.01,Very Good,F,VS2,63.2,59.0,6540,6.3,6.36,4.0
0.57,Ideal,H,SI1,61.3,54.0,1292,5.34,5.39,3.29
0.94,Very Good,E,SI1,61.8,56.0,4661,6.29,6.33,3.9
1.03,Ideal,F,VVS2,61.1,57.0,10049,6.51,6.54,3.99
0.32,Ideal,H,VVS2,61.8,55.0,645,4.38,4.42,2.72
0.3,Very Good,G,VVS1,63.1,58.0,1013,4.31,4.28,2.71
1.09,Very Good,F,SI1,62.3,57.0,5570,6.55,6.61,4.1
1.56,Good,F,SI2,57.5,58.0,9784,7.82,7.67,4.45
0.51,Premium,G,VS1,62.2,58.0,1662,5.11,5.09,3.17
0.26,Ideal,F,VVS1,61.6,57.0,769,4.1,4.08,2.52
2.39,Premium,H,SI1,60.6,58.0,16687,8.65,8.58,5.22
0.75,Ideal,E,SI1,61.5,56.0,2652,5.88,5.84,3.6
1.53,Premium,J,VS1,62.8,59.0,8205,7.34,7.31,4.6
0.89,Fair,I,VS1,68.2,65.0,2334,5.82,5.74,3.94
0.34,Ideal,E,SI1,61.4,55.0,765,4.54,4.48,2.77
0.53,Premium,F,VS2,61.9,58.0,1753,5.2,5.17,3.21
0.31,Very Good,G,VS1,63.3,56.0,802,4.33,4.29,2.73
0.72,Ideal,D,VS2,60.9,55.0,3236,5.77,5.89,3.55
1.0,Fair,F,SI1,56.5,60.0,4679,6.62,6.66,3.75
1.01,Premium,H,SI1,61.8,59.0,4965,6.41,6.37,3.95
1.02,Fair,E,VS2,66.6,57.0,5350,6.09,6.14,4.07
0.31,Ideal,G,VS1,60.6,58.0,587,4.39,4.42,2.67
0.57,Good,H,SI1,63.1,54.0,1218,5.28,5.3,3.34
1.51,Good,I,SI2,63.6,60.0,7957,7.27,7.23,4.61
1.51,Very Good,E,SI1,63.5,57.0,10891,7.28,7.23,4.61
1.21,Good,E,I1,63.3,63.0,3726,6.67,6.72,4.24
0.72,Ideal,H,VVS2,62.3,56.0,2752,5.74,5.81,3.6
1.11,Good,D,SI2,60.1,63.0,4877,6.68,6.7,4.02
0.5,Ideal,E,VS2,62.5,57.0,1629,5.1,5.04,3.17
0.8,Ideal,D,SI2,61.9,54.0,3154,6.0,5.95,3.7
0.41,Good,F,VS2,63.2,57.0,863,4.74,4.76,3.0
0.3,Premium,H,VVS2,62.9,57.0,776,4.31,4.28,2.7
0.33,Very Good,D,VS1,60.1,59.0,696,4.46,4.49,2.69
1.51,Good,E,SI2,63.2,56.0,9833,7.26,7.32,4.61
0.86,Very Good,G,SI1,62.9,55.0,3293,6.04,6.08,3.81
1.01,Very Good,F,SI1,62.4,59.0,5861,6.37,6.42,3.99
1.2,Ideal,G,SI1,60.5,56.0,5996,6.84,6.87,4.15
0.32,Ideal,E,VS2,60.2,57.0,960,4.51,4.46,2.7
1.01,Very Good,G,SI1,63.5,60.0,4271,6.41,6.38,3.92
0.3,Ideal,D,VS2,61.6,57.0,710,4.3,4.33,2.66
1.09,Ideal,H,SI1,62.3,55.0,5125,6.58,6.61,4.11
0.63,Ideal,J,SI2,61.4,54.0,1065,5.54,5.56,3.41
0.3,Ideal,F,VVS1,61.5,58.0,814,4.3,4.32,2.65
0.93,Ideal,E,SI1,62.8,56.0,4229,6.24,6.19,3.9
1.5,Premium,F,VVS2,58.8,58.0,17203,7.51,7.43,4.39
1.01,Very Good,E,VS1,60.4,60.0,8403,6.43,6.48,3.9
1.5,Ideal,G,VS2,62.5,55.0,12787,7.26,7.23,4.53
0.32,Ideal,F,VVS2,62.1,56.0,741,4.4,4.46,2.75
0.79,Very Good,G,SI2,63.4,60.0,1809,5.83,5.77,3.68
0.63,Very Good,G,VS1,59.9,57.0,2241,5.57,5.62,3.35
0.54,Ideal,H,VS1,61.8,56.0,1709,5.21,5.25,3.23
0.57,Ideal,D,VVS1,61.6,56.0,3126,5.33,5.35,3.29
1.01,Fair,D,SI2,65.3,55.0,4205,6.33,6.19,4.09
0.55,Ideal,E,SI2,62.0,56.0,1273,5.27,5.22,3.25
0.29,Very Good,G,VS1,58.1,59.0,660,4.39,4.42,2.56
0.84,Very Good,G,VS2,61.8,57.0,3596,6.04,6.07,3.74
1.31,Premium,G,SI1,62.2,56.0,7358,7.02,6.97,4.35
0.42,Very Good,G,SI2,59.5,61.0,573,4.85,4.9,2.9
0.35,Ideal,H,VVS2,62.5,57.0,706,4.48,4.54,2.82
0.5,Ideal,D,VS1,61.9,55.0,1937,5.09,5.12,3.16
0.83,Very Good,F,VS1,63.3,56.0,3603,5.99,5.92,3.77
1.0,Good,H,VS2,60.9,61.0,5254,6.38,6.42,3.9
1.16,Ideal,G,IF,62.3,55.0,9901,6.73,6.79,4.21
0.78,Ideal,H,VVS2,62.1,56.0,3581,5.88,5.9,3.66
0.41,Very Good,H,VS1,62.0,56.0,827,4.74,4.78,2.95
1.51,Premium,G,SI2,62.7,57.0,7145,7.33,7.29,4.58
0.24,Premium,E,VVS1,60.6,59.0,668,4.02,4.0,2.43
0.55,Ideal,E,VS2,61.5,57.0,1665,5.25,5.29,3.24
0.7,Very Good,E,SI2,62.0,59.0,2263,5.61,5.68,3.5
1.5,Ideal,I,VS1,60.5,56.0,9533,7.38,7.46,4.49
0.46,Very Good,D,VVS1,62.2,56.0,1778,4.94,4.97,3.08
1.01,Very Good,G,VS2,63.1,60.0,6108,6.36,6.31,4.0
1.36,Ideal,F,VVS2,61.6,56.0,12608,7.17,7.08,4.39
0.3,Ideal,E,VS2,61.8,55.0,844,4.35,4.33,2.68
0.3,Ideal,D,VS1,62.2,56.0,651,4.27,4.31,2.67
0.57,Premium,E,SI1,61.4,58.0,1608,5.28,5.34,3.26
1.42,Good,F,VS2,63.7,57.0,9542,7.08,6.99,4.48
0.3,Premium,D,SI1,62.5,59.0,520,4.26,4.22,2.65
0.59,Premium,F,SI1,61.7,60.0,1412,5.37,5.39,3.32
0.5,Ideal,E,VS2,61.4,55.0,1614,5.12,5.14,3.15
1.0,Ideal,G,VS2,62.4,59.0,6377,6.36,6.4,3.98
0.3,Ideal,E,VS2,61.7,55.0,844,4.32,4.3,2.66
0.84,Very Good,G,VS2,62.0,56.0,3535,6.07,6.09,3.77
0.63,Very Good,F,VS1,59.2,57.0,2149,5.56,5.66,3.32
0.71,Ideal,G,SI1,61.4,57.0,2386,5.76,5.71,3.52
1.57,Premium,D,SI2,62.9,61.0,9875,7.41,7.37,4.65
0.52,Ideal,E,VS2,61.4,54.0,1694,5.23,5.2,3.2
1.09,Ideal,J,SI1,61.4,55.0,4565,6.61,6.67,4.08
1.02,Premium,F,SI2,62.0,59.0,4238,6.42,6.33,3.95
0.31,Ideal,I,VS2,61.6,57.0,452,4.36,4.4,2.7
0.76,Premium,E,VS2,60.1,59.0,3192,6.01,5.97,3.6
0.31,Ideal,G,VVS2,62.7,57.0,907,4.34,4.31,2.71
0.33,Ideal,D,SI2,62.4,56.0,631,4.44,4.41,2.76
0.7,Ideal,I,VS2,62.1,54.6,2240,5.68,5.72,3.54
0.3,Good,D,SI1,63.4,56.0,552,4.26,4.29,2.71
0.57,Premium,G,VS1,61.0,57.0,1819,5.4,5.35,3.28
0.64,Very Good,G,VS1,60.4,62.0,2060,5.54,5.58,3.36
1.02,Very Good,G,SI1,61.3,56.0,5291,6.43,6.53,3.97
1.22,Premium,I,VS1,61.1,58.0,6121,6.91,6.84,4.2
0.32,Good,G,VS2,63.3,54.0,561,4.36,4.39,2.77
0.31,Premium,G,VVS1,62.1,59.0,1046,4.35,4.32,2.69
0.52,Ideal,I,VS2,62.3,54.0,1152,5.17,5.2,3.23
0.7,Ideal,G,SI1,61.9,58.0,2310,5.69,5.72,3.53
0.6,Very Good,D,SI1,62.2,56.0,1896,5.4,5.44,3.37
0.51,Very Good,E,VS1,61.8,54.7,1970,5.12,5.15,31.8
1.05,Premium,F,SI2,62.8,55.0,4363,6.55,6.48,4.09
0.72,Ideal,G,VS2,61.5,55.0,2952,5.76,5.79,3.55
0.8,Good,F,VS2,63.2,55.0,3429,5.88,5.9,3.72
1.11,Ideal,J,SI2,61.7,57.0,4092,6.63,6.69,4.11
0.97,Fair,G,I1,57.2,60.0,1547,6.59,6.36,3.72
0.35,Premium,H,SI1,62.4,58.0,504,4.47,4.54,2.81
0.36,Premium,D,VS2,60.3,58.0,727,4.63,4.66,2.8
0.75,Ideal,E,VS2,61.6,57.0,2940,5.84,5.81,3.59
0.9,Premium,I,VS2,62.8,61.0,3246,6.12,6.02,3.81
0.74,Ideal,F,SI1,62.2,54.0,2583,5.79,5.85,3.62
1.7,Ideal,G,VS1,62.9,57.0,13605,7.59,7.52,4.75
0.32,Premium,G,VS2,60.7,58.0,720,4.42,4.38,2.67
0.3,Ideal,G,VS1,61.5,56.0,776,4.34,4.28,2.65
0.81,Ideal,E,SI2,61.0,56.0,3015,5.99,6.05,3.67
1.02,Premium,H,VS1,62.1,59.0,5469,6.38,6.43,3.98
2.01,Good,I,SI2,56.9,59.0,11312,8.41,8.3,4.74
1.01,Good,G,SI1,63.6,58.0,4195,6.29,6.35,4.02
0.78,Very Good,E,VS1,61.5,60.0,3898,5.86,5.92,3.62
0.55,Ideal,E,VS1,62.2,55.0,1975,5.22,5.26,3.26
1.01,Ideal,I,SI2,62.5,57.0,4336,6.38,6.45,4.01
0.94,Premium,E,SI1,60.0,58.0,4661,6.37,6.44,3.84
1.09,Premium,G,VVS2,59.5,61.0,8454,6.74,6.7,4.0
1.51,Premium,H,I1,60.9,56.0,4404,7.38,7.26,4.46
1.0,Premium,G,SI2,61.8,59.0,4368,6.38,6.33,3.93
0.7,Ideal,G,SI1,61.6,55.0,3145,5.71,5.76,3.53
1.21,Ideal,F,SI2,61.8,57.0,5996,6.82,6.87,4.23
0.51,Ideal,F,VS2,62.8,57.0,1619,5.1,5.06,3.19
0.32,Ideal,E,VS2,62.2,55.0,702,4.37,4.38,2.72
0.51,Ideal,D,VS2,61.8,54.0,1623,5.12,5.17,3.18
1.5,Premium,J,VS2,59.6,60.0,7503,7.38,7.31,4.38
0.23,Very Good,E,VVS2,58.0,60.0,465,4.04,4.07,2.35
0.41,Very Good,E,VS1,62.2,58.0,954,4.74,4.78,2.96
0.76,Premium,E,VVS2,60.6,59.0,3767,5.94,5.85,3.57
0.3,Premium,H,SI2,60.2,62.0,410,4.37,4.34,2.62
1.26,Ideal,J,SI2,62.5,53.0,4742,6.9,6.86,4.3
0.32,Premium,H,SI1,62.6,55.0,591,4.38,4.37,2.74
0.34,Ideal,G,VVS1,61.7,56.0,863,4.5,4.55,2.79
0.32,Very Good,G,VVS1,61.9,58.0,842,4.36,4.39,2.71
0.76,Premium,E,SI1,60.4,58.0,2789,5.92,5.94,3.58
0.43,Ideal,E,SI2,61.9,57.0,919,4.86,4.83,3.0
0.53,Ideal,F,VVS1,60.9,57.0,2830,5.23,5.29,3.19
0.56,Ideal,H,VS2,61.7,54.0,1427,5.31,5.33,3.28
0.34,Ideal,H,SI1,61.4,55.0,440,4.51,4.55,2.78
0.32,Premium,E,VVS1,60.8,59.0,814,4.43,4.45,2.7
0.5,Good,G,VVS2,61.2,63.3,1690,5.06,5.08,3.1
0.76,Fair,G,VS1,59.0,70.0,2800,5.89,5.8,3.46
0.73,Premium,F,VS2,59.9,58.0,2933,5.84,5.87,3.51
0.31,Ideal,E,VS1,61.6,55.0,871,4.37,4.39,2.7
0.7,Very Good,I,VS1,61.4,57.0,2405,5.71,5.74,3.52
0.55,Very Good,E,VVS2,60.6,56.0,2499,5.33,5.36,3.24
0.63,Ideal,H,SI2,61.7,55.0,1196,5.51,5.56,3.41
0.51,Very Good,G,VVS2,62.9,57.0,1750,5.06,5.12,3.2
1.04,Premium,E,SI2,61.6,59.0,4240,6.57,6.55,4.04
0.29,Very Good,H,SI2,60.7,60.0,404,4.33,4.37,2.64
1.51,Premium,F,VS2,61.9,59.0,14334,7.31,7.39,4.55
0.33,Ideal,G,VS1,62.4,56.0,854,4.45,4.43,2.77
0.31,Ideal,G,VS2,62.1,54.0,511,4.34,4.36,2.7
0.73,Very Good,J,VS2,62.7,57.0,2101,5.71,5.74,3.59
0.53,Ideal,G,SI1,62.7,55.0,1308,5.15,5.19,3.24
0.37,Premium,D,VVS1,61.4,58.0,1069,4.63,4.65,2.85
0.33,Ideal,D,SI1,60.9,56.0,736,4.46,4.5,2.73
1.01,Very Good,J,SI2,62.8,59.0,3906,6.34,6.37,3.99
1.59,Very Good,D,SI2,59.9,59.0,10685,7.6,7.52,4.53
0.74,Ideal,F,VS1,62.3,57.0,3170,5.79,5.77,3.6
1.07,Ideal,E,SI2,62.4,57.0,4698,6.55,6.52,4.08
0.58,Ideal,G,VS2,61.1,55.0,1641,5.45,5.42,3.32
1.12,Ideal,G,VVS2,62.5,56.0,8592,6.59,6.66,4.14
0.32,Premium,E,SI1,61.2,58.0,524,4.37,4.42,2.69
0.5,Good,G,VS2,63.2,57.0,1410,4.99,5.04,3.17
0.53,Ideal,E,SI1,60.9,57.0,1769,5.21,5.24,3.18
2.02,Premium,I,VS2,61.2,60.0,11059,8.22,8.13,5.0
1.25,Very Good,G,SI2,61.4,59.0,6399,6.97,6.93,4.27
0.36,Ideal,G,SI2,62.3,54.0,505,4.57,4.61,2.86
0.3,Very Good,H,VVS1,63.4,55.0,878,4.3,4.28,2.72
0.42,Good,D,SI2,60.7,61.0,617,4.78,4.84,2.92
1.08,Very Good,H,VVS1,63.1,57.0,6623,6.57,6.52,4.13
0.7,Good,E,VS1,59.8,62.0,2973,5.74,5.8,3.45
0.3,Very Good,G,VS1,62.9,58.0,605,4.27,4.32,2.7
1.0,Premium,E,VS2,60.0,60.0,6600,6.43,6.43,3.89
1.01,Ideal,I,VS1,62.5,59.0,5022,6.33,6.41,3.98
1.0,Very Good,F,SI1,63.2,54.0,4088,6.3,6.23,3.96
0.35,Ideal,E,VVS1,62.1,57.0,1195,4.52,4.55,2.81
0.32,Premium,E,IF,61.6,58.0,1095,4.38,4.39,2.7
0.7,Good,E,VS2,64.2,60.0,2394,5.58,5.64,3.6
1.5,Premium,F,VS2,60.9,60.0,13853,7.42,7.35,4.5
0.41,Very Good,H,VVS2,61.3,54.0,839,4.75,4.87,2.95
0.34,Ideal,H,VS1,62.3,55.0,765,4.48,4.45,2.78
0.42,Ideal,D,VVS1,61.6,56.0,1621,4.82,4.79,2.96
0.71,Very Good,D,VS1,62.9,56.0,3465,5.65,5.7,3.57
0.34,Good,H,SI1,63.3,56.0,490,4.45,4.46,2.82
0.51,Ideal,G,VS1,60.2,56.0,1632,5.18,5.24,3.14
0.26,Ideal,H,VVS2,62.5,54.0,508,4.11,4.14,2.58
1.51,Premium,I,VS1,62.3,60.0,9467,7.28,7.32,4.55
1.0,Premium,G,SI1,60.8,58.0,4816,6.48,6.45,3.93
0.3,Very Good,F,SI2,62.6,61.0,394,4.2,4.24,2.64
0.7,Good,I,VS2,57.1,61.0,2010,5.9,5.93,3.38
0.42,Premium,F,VS1,59.8,57.0,985,4.89,4.85,2.91
0.36,Ideal,G,VS1,61.6,56.0,726,4.56,4.59,2.82
0.72,Ideal,F,VS1,62.0,56.0,2879,5.76,5.73,3.56
0.33,Very Good,I,SI1,63.2,58.0,572,4.38,4.36,2.76
0.58,Very Good,F,SI1,59.9,58.0,1401,5.35,5.4,3.22
2.3,Ideal,G,SI2,61.4,57.0,14744,8.51,8.48,5.22
1.21,Premium,H,VS2,60.5,60.0,6722,6.95,6.9,4.19
0.32,Very Good,E,VS2,60.5,55.0,702,4.43,4.49,2.7
0.9,Premium,E,VS1,59.4,59.0,5438,6.31,6.28,3.74
0.31,Ideal,G,VS2,61.7,57.0,698,4.36,4.33,2.68
0.33,Ideal,F,VVS1,61.8,57.0,1021,4.46,4.44,2.75
0.3,Premium,G,VS1,62.8,58.0,776,4.28,4.26,2.68
0.31,Ideal,F,IF,61.4,56.0,1168,4.37,4.42,2.7
1.23,Premium,J,VS2,62.7,58.0,4856,6.81,6.77,4.26
0.71,Very Good,J,SI2,60.9,55.0,1986,5.76,5.87,3.54
0.73,Ideal,H,VS2,62.7,55.0,2793,5.72,5.76,3.6
0.51,Very Good,E,VS2,61.8,58.0,1640,5.13,5.07,3.15
1.01,Very Good,F,VS1,62.5,60.0,7079,6.36,6.41,3.99
0.57,Very Good,F,VS2,62.0,54.0,1637,5.31,5.34,3.3
0.31,Premium,G,SI1,61.8,60.0,462,4.32,4.35,2.68
0.31,Premium,G,VS2,59.8,60.0,544,4.4,4.43,2.64
0.3,Good,H,VVS2,63.7,55.0,776,4.27,4.24,2.71
0.76,Ideal,D,SI2,62.2,57.0,2682,5.83,5.85,3.63
0.5,Very Good,F,SI2,62.9,57.0,1020,5.02,5.06,3.17
0.7,Ideal,F,SI1,61.2,56.0,2161,5.72,5.78,3.52
1.72,Good,F,SI1,63.2,61.0,13499,7.57,7.62,4.8
0.9,Very Good,E,VVS2,62.0,55.0,6466,6.08,6.17,3.8
0.9,Very Good,H,VS2,60.0,56.0,4255,6.3,6.34,3.79
0.31,Good,D,SI2,63.6,54.0,593,4.34,4.31,2.75
1.34,Ideal,H,SI1,62.4,54.0,7659,7.05,7.08,4.41
1.15,Ideal,J,VS1,61.5,55.0,5152,6.81,6.76,4.17
0.31,Ideal,H,VS1,62.2,57.0,698,4.37,4.34,2.71
0.38,Ideal,E,IF,61.1,56.0,1433,4.67,4.72,2.87
1.02,Good,H,SI1,57.1,61.0,4093,6.57,6.66,3.78
1.05,Very Good,I,VS2,63.2,56.0,4895,6.47,6.51,4.1
0.7,Very Good,E,VS2,61.8,59.0,2845,5.65,5.68,3.5
0.31,Ideal,F,VS2,60.8,57.0,749,4.41,4.38,2.67
0.91,Premium,E,VS2,62.3,58.0,5055,6.21,6.15,3.85
0.54,Ideal,H,VVS2,61.6,56.0,1639,5.24,5.27,3.24
0.3,Very Good,G,VS1,63.5,58.0,725,4.26,4.21,2.69
1.01,Premium,F,VS1,61.2,59.0,7982,6.48,6.42,3.95
1.31,Ideal,H,VS1,61.5,55.0,8429,7.02,7.05,4.33
1.0,Premium,F,SI1,62.1,59.0,5152,6.39,6.36,3.96
0.46,Premium,E,VS1,61.7,59.0,1372,4.93,4.96,3.05
0.31,Premium,G,IF,61.4,59.0,924,4.34,4.39,2.68
0.31,Very Good,G,VVS1,63.5,57.0,1046,4.33,4.3,2.74
0.52,Very Good,E,SI1,62.8,56.0,1389,5.13,5.15,3.23
0.53,Ideal,D,SI1,62.0,55.0,1753,5.24,5.22,3.24
0.4,Ideal,E,SI1,62.2,54.0,673,4.74,4.78,2.96
0.72,Very Good,J,SI1,63.0,58.0,1989,5.67,5.7,3.58
0.37,Ideal,D,VS2,61.1,54.0,763,4.63,4.66,2.84
2.01,Premium,J,SI2,60.8,57.2,13133,8.13,8.15,4.95
1.21,Good,E,VS1,61.7,58.0,8902,6.73,6.78,4.17
1.01,Very Good,I,SI2,61.5,62.0,3299,6.37,6.41,3.93
0.7,Very Good,G,SI1,61.7,57.0,2010,5.65,5.8,3.53
1.79,Premium,G,SI1,60.5,58.0,14127,7.88,7.83,4.75
1.2,Premium,G,IF,59.4,61.0,10169,6.95,6.92,4.12
1.09,Very Good,H,SI1,61.7,59.0,4849,6.53,6.59,4.05
0.43,Very Good,H,VS2,61.9,55.0,792,4.8,4.95,3.02
1.5,Very Good,G,SI2,63.1,57.0,9384,7.29,7.25,4.59
0.4,Ideal,G,IF,61.1,56.0,1257,4.76,4.79,2.92
0.25,Ideal,I,VS2,62.0,57.0,450,4.02,4.06,2.5
1.29,Premium,I,VS2,62.2,57.0,6279,7.01,6.97,4.35
0.37,Good,D,SI1,63.7,55.0,874,4.59,4.55,2.91
0.75,Premium,D,SI1,59.2,58.0,3024,5.96,5.93,3.52
0.43,Very Good,E,VVS1,61.9,56.0,1433,4.81,4.85,2.99
0.23,Very Good,G,VVS2,62.6,54.0,431,3.91,3.95,2.46
1.32,Ideal,I,SI1,61.7,56.0,5544,7.11,7.05,4.37
1.0,Very Good,E,VVS2,63.5,55.0,8910,6.36,6.31,4.02
1.56,Very Good,I,VS1,58.2,59.0,10523,7.65,7.7,4.47
1.2,Ideal,G,VS1,62.3,56.0,8596,6.82,6.77,4.23
0.7,Very Good,G,VS1,62.9,59.0,2212,5.56,5.63,3.52
1.22,Good,H,SI2,61.5,64.0,4782,6.93,6.87,4.25
0.32,Ideal,F,VS1,61.6,57.0,716,4.39,4.42,2.71
0.9,Fair,F,VS2,64.7,54.0,3931,6.09,6.03,3.92
2.01,Very Good,E,SI2,60.6,59.0,17118,8.11,8.25,4.96
1.56,Ideal,I,VS2,61.8,56.0,10333,7.41,7.45,4.59
0.52,Ideal,G,VVS1,61.6,55.0,2063,5.14,5.18,3.18
0.9,Very Good,F,SI2,62.6,56.0,3368,6.13,6.17,3.85
0.54,Ideal,D,VVS1,61.2,57.0,3494,5.25,5.27,3.22
0.28,Ideal,E,VVS2,60.8,55.0,787,4.26,4.29,2.6
0.35,Ideal,E,VS2,62.0,55.0,984,4.54,4.52,2.81
0.96,Fair,G,SI2,66.8,61.0,2539,6.15,6.04,4.07
0.32,Ideal,D,VS2,62.7,57.0,758,4.4,4.44,2.77
1.2,Very Good,F,VS2,61.1,59.0,8436,6.81,6.87,4.18
0.34,Ideal,D,VS2,60.8,57.0,730,4.52,4.56,2.76
1.03,Ideal,G,VVS1,62.4,57.0,8454,6.39,6.47,4.01
1.51,Fair,D,VS2,66.0,57.0,15152,7.17,7.08,4.7
0.3,Ideal,F,VVS1,62.1,55.0,868,4.31,4.32,2.68
0.54,Very Good,D,SI1,62.1,58.0,1662,5.21,5.23,3.24
0.28,Ideal,H,VVS2,61.2,55.0,514,4.18,4.22,2.57
0.3,Ideal,D,SI1,61.4,55.0,552,4.29,4.34,2.65
1.57,Premium,G,SI2,61.1,61.0,8572,7.46,7.43,4.55
0.9,Ideal,G,SI1,61.6,57.0,3931,6.24,6.17,3.82
1.0,Good,E,SI1,63.1,64.0,4435,6.31,6.25,3.96
1.53,Fair,J,VS2,64.7,58.0,6659,7.24,7.22,4.68
0.51,Premium,G,SI1,62.0,59.0,1053,5.12,5.1,3.17
0.32,Premium,G,VS2,62.0,59.0,720,4.41,4.37,2.72
0.41,Ideal,F,VS2,61.8,56.0,863,4.76,4.79,2.95
0.5,Premium,F,VS2,60.9,58.0,1436,5.1,5.14,3.12
1.42,Ideal,J,VS2,61.7,56.0,7942,7.22,7.27,4.47
0.83,Premium,E,VS2,61.3,59.0,3625,6.08,6.02,3.71
1.01,Very Good,E,VVS2,63.4,57.0,8797,6.45,6.33,4.05
1.51,Premium,I,SI2,62.6,59.0,7162,7.28,7.31,4.57
0.51,Premium,F,SI1,59.4,60.0,1308,5.19,5.21,3.09
1.73,Premium,H,SI1,61.8,57.0,12931,7.77,7.64,4.76
0.31,Good,I,VS1,63.9,56.0,489,4.28,4.3,2.74
0.31,Premium,I,VS2,62.3,60.0,435,4.31,4.32,2.69
1.34,Premium,E,VS2,58.2,60.0,8480,7.26,7.21,4.21
0.57,Ideal,H,VS2,61.6,57.0,1655,5.35,5.37,3.3
0.7,Ideal,F,VS2,61.8,54.0,2671,5.68,5.71,3.52
0.41,Very Good,I,VVS1,63.5,58.0,845,4.7,4.75,3.0
0.3,Ideal,G,VS1,62.8,57.0,776,4.29,4.25,2.68
0.63,Premium,E,VS1,61.8,60.0,2064,5.51,5.49,3.4
0.33,Premium,H,VS1,61.9,58.0,743,4.45,4.43,2.75
1.44,Good,G,VS1,63.6,58.0,9677,7.01,6.96,4.44
0.59,Ideal,E,SI1,61.6,55.0,1994,5.41,5.43,3.34
1.01,Ideal,F,VS1,60.7,57.0,7792,6.52,6.49,3.95
1.01,Premium,G,SI1,62.5,60.0,4588,6.34,6.39,3.98
0.71,Premium,I,VS2,59.3,59.0,2300,5.89,5.81,3.47
1.1,Very Good,I,SI2,62.6,59.0,4192,6.53,6.57,4.1
0.3,Premium,D,VS2,61.9,58.0,911,4.32,4.28,2.66
1.22,Ideal,G,VVS1,61.5,56.0,12081,6.86,6.9,4.23
0.33,Ideal,E,VS2,61.1,56.0,723,4.45,4.48,2.73
0.9,Ideal,E,VS1,61.7,56.0,6230,6.19,6.22,3.83
1.2,Premium,D,SI2,60.2,60.0,4203,6.94,6.81,4.14
0.91,Good,I,SI1,64.2,59.0,2700,6.05,5.98,3.86
1.32,Premium,G,VS1,60.6,57.0,9979,7.14,7.09,4.31
1.23,Very Good,J,VS2,62.9,58.0,5217,6.75,6.83,4.27
0.72,Ideal,H,VS1,61.6,59.0,2642,5.75,5.78,3.55
1.51,Very Good,I,VS1,63.0,59.0,9343,7.28,7.3,4.59
0.56,Good,F,VS1,63.2,61.0,1712,5.2,5.28,3.3
0.32,Premium,D,VS2,62.0,57.0,972,4.42,4.38,2.73
0.92,Good,H,VS1,62.3,63.0,4116,6.18,6.3,3.88
0.51,Premium,G,VS1,62.1,58.0,1662,5.12,5.09,3.17
0.7,Fair,H,SI1,65.3,55.0,1865,5.58,5.54,3.63
0.24,Premium,E,VVS1,60.7,58.0,553,4.01,4.03,2.44
0.57,Ideal,E,VS1,61.8,55.0,2192,5.34,5.39,3.32
1.0,Premium,G,VS2,63.0,58.0,6048,6.4,6.33,4.01
0.91,Good,F,SI1,58.0,57.0,4067,6.36,6.47,3.72
0.74,Good,E,SI1,62.8,61.0,2906,5.74,5.76,3.61
1.51,Fair,E,SI1,58.4,70.0,11102,7.55,7.39,4.36
0.53,Very Good,E,VVS2,62.3,55.0,2280,5.18,5.22,3.23
0.7,Good,I,SI1,58.2,61.0,2028,5.8,5.84,3.39
0.44,Ideal,D,VS2,60.4,56.0,1081,4.91,4.95,2.98
0.9,Ideal,F,VS2,62.7,56.0,4678,6.17,6.2,3.88
0.23,Very Good,G,VVS1,61.5,56.0,484,3.92,3.96,2.42
0.58,Ideal,E,VS2,61.7,57.0,1683,5.35,5.42,3.32
0.31,Ideal,F,IF,62.3,54.0,914,4.33,4.37,2.71
0.71,Very Good,G,VS1,63.3,56.0,2494,5.67,5.64,3.58
1.52,Very Good,I,SI1,59.9,60.0,9290,7.46,7.49,4.48
1.01,Very Good,E,SI1,62.4,58.0,5229,6.36,6.4,3.99
0.42,Ideal,D,SI1,61.9,56.0,810,4.82,4.84,2.99
0.55,Ideal,F,VS2,62.1,55.0,1871,5.27,5.25,3.26
1.07,Ideal,D,SI1,61.8,55.0,5872,6.59,6.54,4.06
0.7,Very Good,F,SI2,59.6,61.0,2039,5.8,5.88,3.48
0.71,Premium,E,SI1,62.7,56.0,2743,5.71,5.64,3.56
1.51,Very Good,D,SI2,63.2,59.0,7915,7.25,7.18,4.56
0.3,Premium,D,SI2,60.9,58.0,574,4.32,4.29,2.62
0.51,Premium,D,SI1,62.7,59.0,1574,5.08,5.06,3.18
0.23,Ideal,E,VS2,62.6,57.0,543,3.92,3.88,2.44
2.03,Very Good,I,SI1,62.3,60.0,16392,8.01,8.07,5.01
0.9,Fair,D,SI1,64.5,61.0,3689,6.05,6.01,3.89
0.52,Ideal,G,VVS2,61.4,55.3,1957,5.18,5.21,3.19
0.81,Ideal,I,SI2,61.7,59.0,2386,5.92,6.0,3.68
0.71,Ideal,F,SI2,62.1,54.0,2365,5.72,5.74,3.56
0.32,Ideal,G,VVS1,61.8,56.0,786,4.39,4.41,2.72
1.04,Very Good,E,VS1,63.0,55.0,7751,6.45,6.5,4.08
1.5,Good,D,SI2,62.4,61.0,8517,7.23,7.36,4.55
0.3,Premium,G,VS2,60.8,61.0,675,4.34,4.31,2.63
0.41,Ideal,D,SI1,62.2,57.0,1015,4.76,4.7,2.94
0.43,Premium,H,SI1,61.5,58.0,919,4.86,4.8,2.97
0.4,Ideal,E,VVS1,60.8,57.0,1278,4.79,4.82,2.92
1.01,Good,E,VS2,65.4,56.0,6004,6.18,6.23,4.06
0.52,Good,H,SI1,63.6,62.0,1073,5.11,5.04,3.23
0.73,Ideal,G,VS2,61.8,54.0,2839,5.8,5.82,3.59
0.66,Good,G,VS2,58.1,59.9,2101,5.68,5.72,3.31
0.33,Ideal,H,SI1,63.0,56.0,594,4.42,4.41,2.78
1.33,Ideal,H,VS2,62.6,57.0,7850,7.02,6.98,4.38
1.02,Premium,D,VS2,59.8,61.0,6909,6.61,6.54,3.93
0.7,Fair,H,VS2,57.0,58.0,1981,5.87,5.89,3.35
0.73,Ideal,J,VS2,62.8,55.0,2054,5.69,5.72,3.58
1.02,Very Good,D,IF,62.7,57.0,15306,6.36,6.46,4.02
0.7,Premium,E,SI1,59.1,62.0,2592,5.8,5.74,3.41
0.7,Premium,E,SI1,60.5,58.0,2777,5.77,5.74,3.48
1.01,Very Good,J,SI1,62.8,57.0,3998,6.37,6.41,4.01
1.51,Very Good,I,VS1,63.1,53.0,9513,7.34,7.25,4.6
0.98,Very Good,G,SI2,62.2,57.0,4542,6.33,6.37,3.95
0.26,Very Good,E,VVS2,61.7,61.0,564,4.08,4.12,2.53
1.12,Ideal,I,SI1,60.3,57.0,6143,6.74,6.79,4.08
1.29,Very Good,F,SI2,63.4,57.0,4977,6.92,6.77,4.35
1.01,Premium,G,SI2,61.5,58.0,3461,6.51,6.44,3.98
1.21,Ideal,F,VS2,61.3,56.0,9397,6.86,6.91,4.22
0.7,Fair,G,VS1,65.2,57.0,2290,5.56,5.52,3.61
1.08,Ideal,H,SI2,60.4,57.0,4536,6.68,6.63,4.02
1.26,Ideal,D,SI2,61.6,56.0,5412,6.99,6.95,4.3
1.5,Ideal,G,SI2,62.0,57.0,8736,7.31,7.26,4.52
1.01,Premium,H,VS1,61.1,58.0,5416,6.45,6.48,3.95
0.58,Very Good,E,SI1,61.5,58.0,1424,5.31,5.36,3.28
0.72,Very Good,J,VS2,63.2,60.0,1814,5.77,5.7,3.63
0.77,Good,D,VS2,63.1,57.0,3489,5.83,5.86,3.69
0.3,Very Good,D,VS1,62.0,55.0,863,4.31,4.35,2.68
1.0,Premium,J,SI1,58.7,58.0,3920,6.55,6.51,3.83
1.21,Ideal,H,SI2,62.1,55.0,5692,6.87,6.82,4.25
0.75,Premium,G,SI1,60.9,58.0,2631,5.87,5.83,3.56
0.33,Ideal,E,VVS1,62.6,58.0,852,4.36,4.4,2.74
0.5,Premium,F,SI1,59.6,61.0,1125,5.15,5.12,3.06
0.21,Premium,E,SI2,61.9,56.0,394,3.84,3.82,2.37
0.3,Very Good,G,VVS2,63.5,56.0,878,4.34,4.29,2.74
0.71,Very Good,G,VS2,64.5,57.0,2382,5.56,5.6,3.6
0.48,Good,G,VS1,57.8,60.9,1262,5.12,5.19,2.97
1.02,Very Good,H,SI2,63.1,59.0,4284,6.43,6.37,4.04
1.16,Premium,I,SI1,61.5,57.0,5002,6.79,6.73,4.16
0.66,Good,G,VS1,59.0,62.0,2055,5.66,5.72,3.35
1.07,Very Good,E,SI1,60.4,63.0,4314,6.67,6.6,4.01
1.76,Ideal,I,SI2,61.2,55.0,9714,7.79,7.76,4.76
0.72,Very Good,J,SI1,62.7,56.0,1666,5.66,5.72,3.57
0.7,Ideal,I,VS1,62.1,57.0,2398,5.69,5.71,3.54
2.02,Good,I,SI1,64.3,56.0,13286,7.85,7.99,5.09
0.41,Ideal,F,VVS1,62.3,57.0,1356,4.77,4.73,2.96
0.58,Fair,D,SI2,65.1,58.0,1156,5.25,5.22,3.41
1.01,Premium,G,SI1,61.3,59.0,5006,6.48,6.44,3.96
0.26,Good,F,VVS1,64.0,57.0,524,4.03,4.06,2.59
1.03,Premium,F,VS2,62.4,58.0,6307,6.47,6.42,4.02
0.42,Very Good,G,VS1,60.6,58.0,921,4.82,4.95,2.96
0.59,Ideal,H,SI2,61.9,55.0,1292,5.37,5.39,3.33
0.41,Very Good,F,SI2,62.6,54.0,612,4.75,4.77,2.98
1.5,Good,J,VS1,63.3,57.0,8736,7.2,7.24,4.57
1.0,Premium,E,SI1,60.5,59.0,5396,6.45,6.4,3.89
1.0,Very Good,H,SI1,62.1,58.0,5247,6.44,6.45,4.0
0.31,Ideal,F,VS2,62.3,55.0,802,4.38,4.35,2.72
1.01,Premium,G,SI2,62.9,57.0,3750,6.39,6.33,4.0
0.55,Premium,E,SI2,58.4,61.0,1134,5.37,5.31,3.12
0.79,Very Good,I,SI1,63.3,57.0,2095,5.86,5.83,3.7
1.01,Very Good,D,SI2,60.1,60.0,4690,6.41,6.47,3.87
0.73,Premium,F,SI1,61.7,58.0,2527,5.74,5.7,3.53
0.51,Very Good,F,SI2,62.7,56.0,1100,5.07,5.1,3.19
1.0,Premium,H,SI1,62.1,56.0,4788,6.48,6.38,3.99
0.44,Very Good,D,VS2,62.8,58.0,850,4.79,4.86,3.03
0.73,Ideal,E,VS1,61.2,57.0,3620,5.85,5.8,3.57
1.12,Premium,E,I1,61.0,59.0,3942,6.7,6.74,4.1
1.04,Ideal,F,VS1,61.4,57.0,7015,6.51,6.56,4.01
1.04,Premium,I,SI2,62.0,57.0,3774,6.53,6.47,4.03
1.02,Very Good,E,VVS1,60.2,60.0,10641,6.39,6.54,3.89
1.01,Premium,H,SI1,62.8,58.0,3869,6.43,6.34,4.01
0.54,Very Good,D,VS2,60.7,57.0,2113,5.24,5.29,3.2
1.55,Ideal,I,VS2,61.8,55.0,11574,7.4,7.44,4.58
1.0,Good,G,VS2,63.4,61.0,5600,6.23,6.29,3.97
1.58,Very Good,G,SI2,60.0,53.0,9037,7.59,7.64,4.57
0.7,Ideal,F,VVS2,61.2,56.0,4114,5.73,5.78,3.52
1.35,Very Good,J,VS1,62.1,56.0,5759,7.04,7.1,4.39
0.71,Ideal,D,VS2,61.0,56.0,3838,5.76,5.81,3.53
1.04,Ideal,E,VVS2,61.0,57.0,9901,6.61,6.57,4.02
0.31,Ideal,D,VS2,59.4,57.0,879,4.5,4.45,2.66
0.33,Ideal,E,VS2,60.8,57.0,723,4.45,4.47,2.71
1.01,Very Good,E,SI2,63.3,57.0,4270,6.39,6.31,4.02
1.14,Very Good,F,VVS2,63.3,56.0,8912,6.56,6.71,4.2
0.55,Premium,E,VS2,61.5,56.0,1881,5.28,5.25,3.24
0.37,Premium,E,VS2,58.9,61.0,1041,4.68,4.66,2.75
0.6,Premium,D,SI1,62.8,61.0,2106,5.41,5.33,3.37
1.52,Good,H,SI1,63.8,60.0,9898,7.24,7.3,4.64
0.31,Ideal,D,VVS2,61.2,59.0,805,4.37,4.39,2.68
1.27,Premium,G,VVS2,61.0,58.0,10389,7.01,6.96,4.26
1.54,Premium,H,VS2,61.0,60.0,10977,7.42,7.46,4.54
1.52,Ideal,H,VS2,61.8,54.0,11379,7.42,7.43,4.59
0.57,Very Good,I,SI1,61.8,57.0,1173,5.31,5.34,3.29
0.33,Ideal,E,VS2,62.1,56.0,928,4.46,4.43,2.76
0.77,Ideal,G,VS1,62.2,56.0,3148,5.9,5.85,3.66
1.51,Ideal,E,VS1,61.5,57.0,18729,7.34,7.4,4.53
1.06,Ideal,I,SI2,62.7,58.0,4591,6.48,6.5,4.07
1.01,Very Good,F,SI1,61.0,57.0,5174,6.44,6.54,3.96
0.3,Very Good,E,VS2,60.7,63.0,612,4.32,4.35,2.63
2.03,Fair,H,I1,64.4,59.0,6002,7.91,7.85,5.07
0.85,Fair,G,VS1,57.7,67.0,2998,6.26,6.19,3.59
0.32,Premium,H,VS2,62.5,59.0,648,4.38,4.33,2.72
0.5,Fair,E,SI2,58.0,67.0,851,5.26,5.17,3.02
0.56,Ideal,E,VS1,62.7,56.0,1608,5.26,5.3,3.31
0.8,Ideal,F,SI1,60.1,60.0,3293,5.98,6.03,3.61
0.34,Premium,F,SI1,59.8,58.0,566,4.53,4.57,2.72
0.41,Premium,G,VS2,60.9,58.0,1061,4.83,4.8,2.93
0.52,Ideal,F,VS2,61.2,56.0,1625,5.19,5.37,3.2
0.31,Ideal,I,VS1,62.4,53.0,507,4.33,4.36,2.71
0.31,Ideal,E,VVS2,61.9,54.0,767,4.38,4.41,2.72
1.07,Ideal,E,VVS2,61.7,57.0,10288,6.61,6.55,4.06
1.01,Ideal,G,SI1,61.5,56.0,4129,6.52,6.46,3.99
1.52,Premium,H,SI2,62.0,58.0,7764,7.37,7.34,4.56
0.32,Good,D,SI2,63.4,56.0,477,4.36,4.38,2.77
0.9,Premium,H,VS2,60.4,59.0,4321,6.24,6.27,3.78
0.32,Very Good,D,SI1,60.1,60.0,619,4.38,4.4,2.64
0.42,Ideal,F,SI1,60.9,55.0,992,4.88,4.84,2.96
1.5,Fair,D,I1,64.7,62.0,5460,7.19,7.04,4.6
0.3,Very Good,H,VS2,63.0,59.0,473,4.25,4.29,2.69
0.52,Ideal,G,VVS2,61.7,56.0,2012,5.16,5.14,3.18
1.21,Fair,G,SI1,64.5,56.0,4637,6.69,6.62,4.29
0.32,Premium,G,VS1,62.1,56.0,828,4.43,4.4,2.74
0.34,Ideal,E,VS1,61.6,55.0,790,4.5,4.52,2.78
0.57,Very Good,G,VS2,62.6,55.0,1608,5.26,5.31,3.31
0.5,Fair,F,I1,69.8,55.0,584,4.89,4.8,3.38
0.35,Ideal,I,SI1,61.3,54.0,606,4.56,4.51,2.78
0.9,Premium,G,SI1,62.9,58.0,3774,6.11,6.02,3.82
0.5,Good,G,VVS2,63.8,56.0,1806,5.06,5.03,3.22
1.57,Ideal,I,SI2,62.8,57.0,7385,7.39,7.36,4.63
0.35,Premium,E,VS2,61.9,61.0,919,4.54,4.5,2.8
0.71,Premium,F,SI1,61.1,62.0,2317,5.76,5.72,3.51
0.28,Very Good,G,VS2,62.0,56.0,427,4.16,4.19,2.59
0.39,Premium,G,SI2,62.7,54.0,746,4.71,4.64,2.93
0.37,Ideal,F,VVS1,59.2,57.0,1406,4.75,4.71,2.8
1.2,Very Good,F,SI2,62.2,62.0,5247,6.7,6.77,4.19
0.74,Very Good,E,SI2,61.0,57.0,2574,5.83,5.88,3.57
0.32,Ideal,G,VS1,61.2,56.0,645,4.42,4.44,2.71
0.32,Premium,I,VS2,61.1,57.0,576,4.42,4.39,2.69
0.31,Ideal,E,VVS1,60.5,57.0,942,4.38,4.41,2.66
1.27,Good,J,SI2,66.0,59.0,4542,6.71,6.75,4.44
0.9,Premium,H,VS2,61.8,56.0,4082,6.25,6.18,3.84
0.39,Very Good,G,VS1,60.3,59.0,790,4.71,4.77,2.86
1.24,Premium,E,SI2,60.5,62.0,4666,6.97,6.89,4.19
0.41,Ideal,D,SI2,62.6,57.0,841,4.77,4.72,2.97
1.21,Very Good,H,VS2,62.9,55.0,7426,6.75,6.8,4.26
0.31,Premium,E,SI2,60.9,60.0,435,4.35,4.38,2.66
0.32,Ideal,I,VS1,62.1,57.0,605,4.42,4.37,2.73
0.7,Ideal,E,SI2,62.1,56.0,2475,5.68,5.65,3.52
1.08,Very Good,F,SI2,63.1,59.0,3590,6.51,6.46,4.09
1.01,Very Good,H,VS2,63.1,62.0,4208,6.18,6.15,3.89
0.31,Ideal,G,IF,62.6,53.0,891,4.36,4.39,2.74
1.06,Premium,G,SI2,61.9,60.0,4571,6.53,6.52,4.04
0.3,Premium,H,VS1,62.2,60.0,675,4.29,4.23,2.65
0.36,Premium,I,VS1,60.3,60.0,729,4.64,4.58,2.78
0.25,Ideal,F,VS1,62.1,57.0,595,4.01,4.04,2.5
1.0,Good,E,SI1,60.4,61.0,4916,6.37,6.44,3.87
2.01,Premium,J,VS2,60.4,59.0,13619,8.1,8.15,4.91
0.23,Very Good,E,VVS2,61.3,57.0,505,3.97,4.02,2.45
1.53,Premium,J,VVS1,61.6,59.0,9555,7.39,7.35,4.54
0.75,Good,E,SI2,59.7,62.0,2497,5.85,5.88,3.5
0.44,Premium,H,VS2,61.3,58.0,1040,4.91,4.88,3.0
0.33,Ideal,I,IF,61.8,55.0,891,4.47,4.46,2.76
0.32,Ideal,E,SI2,62.7,55.0,449,4.39,4.42,2.76
0.3,Ideal,H,VS2,60.7,57.0,473,4.33,4.37,2.64
1.0,Good,F,SI1,62.5,57.0,4504,6.28,6.39,3.96
0.41,Ideal,G,SI1,62.6,54.0,923,4.78,4.74,2.98
0.3,Very Good,H,SI1,61.6,62.0,421,4.24,4.3,2.63
1.05,Very Good,F,VS2,62.8,57.0,6808,6.45,6.48,4.06
0.53,Ideal,G,VS1,62.4,54.0,1659,5.18,5.21,3.24
0.4,Very Good,E,SI1,62.2,56.0,694,4.71,4.74,2.94
0.7,Good,H,SI1,63.7,59.0,2335,5.59,5.53,3.54
1.05,Very Good,G,SI1,59.1,57.0,4429,6.63,6.73,3.95
0.74,Good,J,VS2,60.6,62.6,1912,5.79,5.85,3.53
2.01,Good,I,VS2,63.6,57.0,16003,7.87,7.95,5.03
0.76,Ideal,G,VS1,61.6,56.0,3372,5.82,5.87,3.6
0.8,Very Good,E,VS1,63.2,54.0,3831,5.88,5.93,3.73
0.33,Very Good,F,VS2,61.2,58.0,666,4.45,4.5,2.74
0.76,Ideal,G,SI1,61.2,57.0,3212,5.85,5.9,3.59
0.3,Ideal,F,IF,62.1,55.0,886,4.31,4.35,2.69
0.32,Ideal,H,VS2,61.7,56.0,534,4.39,4.42,2.72
1.5,Fair,I,I1,69.7,56.0,4704,6.94,6.9,4.82
1.7,Premium,G,VS2,59.0,58.0,15797,7.8,7.85,4.62
1.02,Premium,G,SI1,61.0,59.0,4718,6.48,6.44,3.94
0.39,Premium,G,VS1,62.6,58.0,855,4.66,4.7,2.93
0.3,Very Good,G,VVS2,60.3,57.0,631,4.35,4.36,2.63
1.72,Ideal,E,I1,62.2,55.0,7802,7.7,7.67,4.78
0.43,Ideal,G,IF,61.9,53.0,1318,4.87,4.88,3.02
1.2,Very Good,D,SI1,60.7,58.0,7191,6.81,6.86,4.15
0.58,Very Good,H,SI1,62.5,58.0,1402,5.29,5.31,3.31
1.53,Premium,H,VVS2,60.4,60.0,12092,7.46,7.41,4.49
1.03,Premium,H,VS2,62.6,56.0,5364,6.43,6.38,4.01
0.38,Ideal,G,SI1,62.4,57.0,666,4.62,4.65,2.89
1.4,Fair,F,VS2,66.5,56.0,8216,6.83,6.76,4.52
0.2,Premium,E,VS2,59.7,62.0,367,3.84,3.8,2.28
0.7,Very Good,E,SI2,63.5,54.0,2310,5.69,5.64,3.6
2.01,Very Good,H,SI2,63.4,60.0,11780,7.97,7.89,5.03
0.4,Very Good,F,VVS2,62.0,56.0,1049,4.71,4.74,2.93
0.31,Ideal,G,IF,61.3,57.0,891,4.39,4.42,2.7
1.5,Premium,F,VS2,62.4,57.0,13333,7.38,7.29,4.58
1.28,Ideal,G,IF,60.8,57.0,11372,7.02,7.05,4.28
1.26,Ideal,H,SI1,61.0,56.0,6715,7.0,7.04,4.28
0.54,Premium,E,VVS2,61.0,59.0,2313,5.28,5.27,3.22
0.27,Very Good,E,VS2,63.1,57.0,470,4.07,4.11,2.58
1.03,Fair,I,SI2,65.2,56.0,3530,6.42,6.35,4.16
1.5,Premium,E,VS2,60.7,60.0,14386,7.41,7.32,4.47
0.91,Very Good,E,SI2,60.3,59.0,3638,6.28,6.25,3.78
0.45,Ideal,J,VVS1,61.9,56.0,978,4.93,4.95,3.06
0.74,Very Good,D,VS2,59.8,58.0,3476,5.9,5.94,3.54
1.51,Premium,I,SI1,61.7,60.0,9344,7.31,7.27,4.5
0.81,Ideal,H,SI1,61.4,56.0,3446,6.0,6.05,3.7
1.0,Good,G,VS1,64.4,58.0,5906,6.23,6.29,4.03
0.27,Very Good,F,VS2,63.3,58.0,470,4.08,4.1,2.59
0.59,Ideal,G,VVS2,62.7,56.0,2125,5.33,5.36,3.35
0.33,Ideal,G,IF,61.6,55.0,1052,4.51,4.48,2.77
1.2,Ideal,G,SI2,58.9,60.0,5562,6.98,6.94,4.1
0.9,Good,E,SI2,61.9,62.0,3422,6.14,6.18,3.81
0.71,Fair,H,SI1,65.1,56.0,2112,5.63,5.55,3.64
0.54,Very Good,G,IF,62.5,58.0,2128,5.19,5.27,3.27
1.25,Very Good,H,VS2,63.3,57.0,7525,6.87,6.82,4.33
1.24,Ideal,G,VVS2,61.2,56.0,9788,6.92,6.88,4.22
0.32,Ideal,I,SI1,60.7,57.0,432,4.42,4.47,2.7
0.7,Premium,H,VVS1,60.9,60.0,2406,5.76,5.71,3.49
1.03,Ideal,H,SI1,61.0,55.0,4759,6.56,6.59,4.01
1.0,Very Good,F,SI1,58.1,63.0,4586,6.45,6.36,3.72
1.16,Ideal,D,VVS2,62.0,55.0,12989,6.68,6.72,4.19
0.51,Ideal,F,VVS1,61.4,56.0,2726,5.15,5.17,3.17
0.71,Very Good,F,VS1,62.6,55.0,2893,5.66,5.71,3.56
0.32,Ideal,H,VS1,61.0,56.0,580,4.43,4.45,2.71
0.42,Premium,E,SI1,62.7,57.0,992,4.83,4.77,3.01
0.4,Good,F,SI1,63.6,56.0,687,4.63,4.68,2.96
0.42,Premium,F,SI1,60.8,58.0,992,4.87,4.83,2.95
1.52,Good,J,VS2,63.5,58.0,7370,7.24,7.28,4.61
1.09,Very Good,F,SI2,63.2,58.0,4853,6.54,6.49,4.12
1.68,Premium,F,SI1,60.7,62.0,12681,7.72,7.66,4.67
0.34,Ideal,F,SI2,60.1,56.0,574,4.55,4.54,2.73
