annearn,exper,age,depends,married,tenure,educ,male,white,union,office,vacdays,sicklve,insur,pension,industry,region
15e3,14,36,2,1,15.0,18,1,1,0,1,974.8,421.0,617.81,1367.8,1.0,northeast
6500.0,7,23,0,0,8.0,10,1,1,0,0,0.0,0.0,0.0,0.0,1.0,south
6908.99,22,38,3,1,0.5,6,1,1,0,0,0.0,0.0,0.0,0.0,1.0,south
5512.5,2,18,0,0,0.5,12,1,1,0,0,0.0,0.0,0.0,0.0,1.0,south
7800.0,19,35,0,0,2.0,12,1,0,0,0,0.0,0.0,0.0,0.0,1.0,south
9187.5,24,40,3,1,8.0,13,1,1,0,0,343.3,107.93,473.31,503.96,1.0,northeast
8880.0,42,58,0,1,8.0,12,1,1,1,0,343.3,107.93,473.31,503.96,1.0,northeast
8532.69,21,37,1,1,0.5,13,1,1,0,0,343.3,107.93,473.31,503.96,1.0,north_central
8225.0,22,37,5,0,15.0,10,1,1,1,0,203.4,84.01,261.99,0.0,1.0,northeast
8916.0,40,59,0,1,8.0,6,1,1,1,0,30.93,0.0,465.29,494.64,1.0,south
8064.0,8,24,1,0,0.5,12,1,1,0,0,0.0,0.0,0.0,0.0,1.0,north_central
11232.0,19,39,3,1,2.0,10,1,1,0,0,0.0,0.0,494.75,0.0,1.0,south
16615.4,35,52,2,1,25.0,12,1,1,1,0,1302.86,760.0,1425.51,1190.8,1.0,west
12100.0,30,46,1,1,15.0,10,1,1,1,0,485.11,155.11,1300.4,1286.3,1.0,south
18e3,7,23,1,0,2.0,13,1,1,0,0,485.11,155.11,1300.4,1286.3,1.0,south
12862.5,40,60,0,1,15.0,10,1,1,1,0,485.11,155.11,1300.4,1286.3,1.0,northeast
13739.6,20,39,1,1,2.0,6,1,1,1,0,485.11,155.11,1300.4,1286.3,1.0,south
14726.2,5,21,1,1,2.0,12,1,1,0,0,430.0,231.0,648.0,0.0,1.0,south
12524.4,45,51,0,1,15.0,10,1,1,0,0,149.99,0.0,1153.97,1394.1,1.0,northeast
21168.0,7,23,2,1,8.0,12,1,1,0,0,139.56,0.0,356.26,0.0,1.0,north_central
16717.3,40,58,1,1,2.0,12,1,1,1,0,0.0,0.0,819.9,888.49,1.0,south
21732.5,14,34,0,1,2.0,13,1,1,1,0,0.0,0.0,819.9,888.49,1.0,west
19344.0,37,55,0,1,0.5,12,1,1,1,0,0.0,0.0,819.9,888.49,1.0,south
24200.0,35,51,2,0,0.5,13,1,1,1,0,0.0,0.0,819.9,888.49,1.0,north_central
16524.0,11,27,4,1,0.5,12,1,1,0,0,0.0,0.0,138.75,0.0,1.0,north_central
19408.0,9,25,1,1,0.5,13,1,1,1,0,0.0,0.0,138.75,0.0,1.0,north_central
9600.0,4,20,0,1,0.5,12,1,1,0,1,356.11,184.08,464.82,0.0,1.0,northeast
15576.9,18,47,1,1,0.5,13,1,1,0,1,995.69,408.11,917.51,1452.01,1.0,south
15824.4,43,59,0,1,25.0,12,1,1,0,1,995.69,408.11,917.51,1452.01,1.0,south
18900.0,24,45,7,1,4.0,16,1,1,0,1,995.69,408.11,917.51,1452.01,1.0,west
22e3,20,36,4,1,15.0,12,1,1,1,1,748.21,349.15,966.18,0.0,1.0,north_central
19840.0,24,40,3,1,8.0,6,1,1,0,1,748.21,349.15,966.18,0.0,1.0,south
24e3,14,35,2,1,8.0,16,1,1,0,1,748.21,349.15,966.18,0.0,1.0,west
27e3,34,50,2,1,4.0,8,1,1,0,1,748.21,349.15,966.18,0.0,1.0,north_central
26e3,31,51,1,1,15.0,16,1,1,0,1,1147.83,357.61,1107.05,1672.83,1.0,west
6691.2,3,24,3,0,0.5,10,0,0,0,0,147.67,41.05,0.0,0.0,1.0,south
7467.6,39,57,2,1,15.0,12,1,1,0,0,281.69,1.17,386.5,296.51,1.0,north_central
7399.99,5,29,3,1,2.0,13,1,0,1,0,281.69,1.17,386.5,296.51,1.0,north_central
7871.99,5,23,0,0,0.5,12,1,1,0,0,210.26,0.0,342.79,0.0,1.0,south
7020.0,12,26,4,1,2.0,12,1,1,0,0,0.0,0.0,0.0,0.0,1.0,south
10454.4,20,36,3,1,15.0,12,1,1,1,0,453.63,1.45,568.03,421.65,1.0,north_central
9839.99,13,31,1,1,15.0,12,1,1,0,0,453.63,1.45,568.03,421.65,1.0,northeast
9243.74,49,65,0,1,15.0,6,1,0,1,0,453.63,1.45,568.03,421.65,1.0,north_central
9878.39,29,49,1,1,15.0,8,1,1,0,0,453.63,1.45,568.03,421.65,1.0,northeast
11707.9,23,45,2,1,25.0,6,1,0,1,0,453.63,1.45,568.03,421.65,1.0,south
9552.55,20,36,3,1,15.0,13,1,0,0,0,453.63,1.45,568.03,421.65,1.0,northeast
10700.0,12,31,0,1,4.0,16,1,1,1,0,124.0,0.0,136.07,0.0,1.0,north_central
8255.99,23,40,1,1,2.0,12,1,1,0,0,124.0,0.0,136.07,0.0,1.0,south
13160.0,38,58,4,1,25.0,12,1,1,1,0,674.78,145.13,874.29,797.09,1.0,northeast
19400.0,33,49,1,0,15.0,12,1,1,1,0,674.78,145.13,874.29,797.09,1.0,north_central
15320.4,10,28,1,1,0.5,13,1,1,1,0,674.78,145.13,874.29,797.09,1.0,west
28e3,28,44,4,1,0.5,14,1,1,0,0,674.78,145.13,874.29,797.09,1.0,northeast
17e3,10,28,1,1,8.0,13,1,1,0,0,674.78,145.13,874.29,797.09,1.0,south
14e3,23,44,0,1,25.0,12,1,1,1,0,674.78,145.13,874.29,797.09,1.0,south
19032.3,17,34,1,1,8.0,10,1,1,1,0,674.78,145.13,874.29,797.09,1.0,west
20100.0,16,32,2,1,4.0,12,1,1,0,0,674.78,145.13,874.29,797.09,1.0,west
18547.2,24,40,3,1,15.0,12,1,1,1,0,674.78,145.13,874.29,797.09,1.0,south
13132.5,8,24,1,1,2.0,12,1,1,0,0,674.78,145.13,874.29,797.09,1.0,north_central
12240.0,42,62,0,1,25.0,10,1,1,1,0,871.49,0.0,1404.89,978.43,1.0,north_central
21413.0,27,43,4,1,2.0,12,1,1,1,0,871.49,0.0,1404.89,978.43,1.0,west
16895.6,35,56,0,1,25.0,13,1,1,1,0,871.49,0.0,1404.89,978.43,1.0,south
12680.6,25,42,2,1,0.5,13,1,1,1,0,871.49,0.0,1404.89,978.43,1.0,south
12240.0,18,34,1,0,4.0,10,1,1,0,0,678.88,0.0,0.0,0.0,1.0,south
12500.0,16,32,2,1,8.0,13,1,1,0,0,266.65,0.0,668.42,0.0,1.0,south
14375.0,33,48,0,1,25.0,12,1,1,0,0,447.78,0.0,103.1,0.0,1.0,north_central
13500.0,10,26,1,1,8.0,13,1,1,0,0,447.78,0.0,103.1,0.0,1.0,north_central
6875.0,31,47,2,1,2.0,12,1,1,0,1,362.8,64.0,390.0,195.2,1.0,south
7350.0,15,52,2,1,2.0,12,0,1,0,1,83.0,74.0,161.0,0.0,1.0,northeast
11500.0,9,25,2,1,4.0,10,1,1,0,1,464.86,186.46,397.1,0.0,1.0,south
13100.0,9,25,1,0,0.5,12,0,1,1,1,905.65,219.82,998.97,1230.22,1.0,south
14169.6,10,32,2,1,4.0,13,1,1,1,1,905.65,219.82,998.97,1230.22,1.0,northeast
17500.0,14,31,2,1,4.0,13,1,1,0,1,905.65,219.82,998.97,1230.22,1.0,northeast
25e3,20,44,3,1,8.0,16,1,1,0,1,905.65,219.82,998.97,1230.22,1.0,west
24646.1,24,40,2,1,0.5,16,1,1,0,1,905.65,219.82,998.97,1230.22,1.0,north_central
17e3,12,32,0,0,0.5,16,1,1,0,1,342.14,28.71,512.29,0.0,1.0,north_central
7119.99,5,25,2,1,4.0,12,1,0,1,0,355.33,104.64,466.88,409.34,1.0,northeast
9206.39,9,28,0,1,4.0,13,1,1,1,0,622.49,13.48,750.75,606.38,1.0,north_central
8495.99,35,52,0,1,25.0,10,0,1,1,0,622.49,13.48,750.75,606.38,1.0,north_central
8927.99,2,19,0,0,0.5,12,0,1,1,0,622.49,13.48,750.75,606.38,1.0,northeast
11900.0,31,49,0,0,15.0,8,1,1,0,0,622.49,13.48,750.75,606.38,1.0,northeast
8524.8,12,45,1,1,8.0,12,0,1,1,0,622.49,13.48,750.75,606.38,1.0,north_central
24469.1,9,25,1,1,0.5,12,1,1,1,0,898.55,203.74,1332.61,1235.02,1.0,north_central
23218.0,31,47,1,1,25.0,6,1,0,1,0,898.55,203.74,1332.61,1235.02,1.0,south
12768.0,40,58,0,1,25.0,12,1,1,0,0,898.55,203.74,1332.61,1235.02,1.0,northeast
15507.7,39,57,1,1,15.0,12,1,1,1,0,898.55,203.74,1332.61,1235.02,1.0,north_central
18589.8,12,28,1,1,2.0,16,1,1,0,0,898.55,203.74,1332.61,1235.02,1.0,north_central
21484.6,13,29,2,1,8.0,12,1,1,0,0,898.55,203.74,1332.61,1235.02,1.0,northeast
17600.0,13,33,2,1,4.0,12,1,1,1,0,898.55,203.74,1332.61,1235.02,1.0,northeast
17325.0,8,26,0,1,4.0,12,1,1,1,0,898.55,203.74,1332.61,1235.02,1.0,north_central
16800.0,15,37,4,1,2.0,12,1,1,1,0,898.55,203.74,1332.61,1235.02,1.0,south
18500.0,7,24,1,1,4.0,12,1,1,1,0,898.55,203.74,1332.61,1235.02,1.0,north_central
25e3,25,42,1,1,25.0,10,1,1,1,0,898.55,203.74,1332.61,1235.02,1.0,north_central
15085.9,26,43,6,1,15.0,12,1,1,0,0,898.55,203.74,1332.61,1235.02,1.0,northeast
26376.0,14,30,1,1,0.5,18,1,1,1,0,898.55,203.74,1332.61,1235.02,1.0,north_central
15633.4,9,25,1,1,8.0,12,1,1,1,0,898.55,203.74,1332.61,1235.02,1.0,south
15435.0,3,23,0,0,0.5,16,1,1,1,0,1243.95,0.0,1668.54,1637.75,1.0,north_central
12900.0,36,49,2,1,8.0,10,1,0,1,0,1243.95,0.0,1668.54,1637.75,1.0,north_central
14231.6,10,28,1,1,8.0,13,1,1,1,0,1243.95,0.0,1668.54,1637.75,1.0,north_central
17347.5,17,34,3,1,4.0,12,1,1,1,0,1243.95,0.0,1668.54,1637.75,1.0,north_central
15600.0,5,23,0,0,2.0,12,1,1,1,0,1243.95,0.0,1668.54,1637.75,1.0,north_central
17704.6,27,50,0,1,15.0,10,1,1,1,0,1243.95,0.0,1668.54,1637.75,1.0,north_central
18142.0,26,43,0,1,25.0,10,1,1,1,0,1243.95,0.0,1668.54,1637.75,1.0,north_central
17280.0,11,26,0,1,0.5,12,1,1,1,0,1243.95,0.0,1668.54,1637.75,1.0,north_central
12811.5,35,53,5,1,25.0,10,1,0,1,0,1243.95,0.0,1668.54,1637.75,1.0,north_central
21489.0,14,32,2,1,15.0,12,1,1,1,0,1243.95,0.0,1668.54,1637.75,1.0,north_central
18326.9,9,27,2,1,8.0,12,1,1,1,0,1243.95,0.0,1668.54,1637.75,1.0,north_central
17680.0,18,34,0,1,8.0,12,1,1,1,0,1243.95,0.0,1668.54,1637.75,1.0,south
14994.0,10,28,0,1,8.0,12,1,1,1,0,1243.95,0.0,1668.54,1637.75,1.0,north_central
11076.9,5,21,0,0,0.5,12,1,1,0,1,598.24,201.97,656.28,674.05,1.0,north_central
9486.39,9,37,2,0,4.0,13,0,1,0,1,598.24,201.97,656.28,674.05,1.0,north_central
17e3,18,34,1,1,2.0,16,1,1,0,1,1164.47,297.79,1264.21,1716.19,1.0,south
2e4,31,56,0,1,25.0,10,1,1,1,1,1164.47,297.79,1264.21,1716.19,1.0,north_central
17500.0,16,38,1,1,15.0,18,0,1,0,1,1164.47,297.79,1264.21,1716.19,1.0,northeast
2e4,31,47,2,1,25.0,12,1,1,0,1,1164.47,297.79,1264.21,1716.19,1.0,northeast
15e3,17,33,1,1,15.0,13,1,1,0,1,1164.47,297.79,1264.21,1716.19,1.0,northeast
17e3,28,48,2,1,15.0,13,1,1,0,1,1164.47,297.79,1264.21,1716.19,1.0,west
19722.5,27,43,2,1,15.0,13,1,1,0,1,1164.47,297.79,1264.21,1716.19,1.0,north_central
17150.0,35,51,2,1,15.0,12,1,1,0,1,1164.47,297.79,1264.21,1716.19,1.0,north_central
2e4,30,45,2,1,0.5,16,1,1,0,1,1164.47,297.79,1264.21,1716.19,1.0,northeast
15800.0,17,34,3,1,8.0,16,1,1,0,1,1164.47,297.79,1264.21,1716.19,1.0,northeast
28500.0,27,45,2,1,15.0,16,1,1,0,1,1164.47,297.79,1264.21,1716.19,1.0,north_central
19e3,21,37,2,1,0.5,14,1,1,0,1,1042.92,29.6,1129.02,1733.76,1.0,north_central
5062.49,37,56,0,0,8.0,6,1,1,1,0,227.46,88.22,267.86,0.0,1.0,south
5252.8,20,54,0,0,8.0,13,0,1,0,0,228.5,0.0,325.85,253.87,1.0,south
4800.0,11,30,1,1,8.0,10,0,1,0,0,236.04,0.0,83.06,0.0,1.0,northeast
7140.0,8,30,1,1,0.5,14,0,1,0,0,178.55,1.69,176.21,0.0,1.0,west
11310.0,10,29,0,1,8.0,13,1,1,1,0,471.53,122.22,511.63,427.09,1.0,south
10302.4,24,44,0,0,15.0,10,1,1,0,0,471.53,122.22,511.63,427.09,1.0,northeast
10680.7,10,29,1,0,8.0,12,1,1,0,0,471.53,122.22,511.63,427.09,1.0,south
9015.99,36,52,0,1,15.0,6,1,1,1,0,354.39,94.42,253.13,0.0,1.0,northeast
9200.0,42,59,0,1,25.0,6,0,1,1,0,477.41,0.04,641.75,420.57,1.0,north_central
11193.5,41,56,0,1,25.0,12,1,1,1,0,477.41,0.04,641.75,420.57,1.0,northeast
11280.0,42,61,0,1,25.0,13,1,1,1,0,477.41,0.04,641.75,420.57,1.0,northeast
10416.0,6,30,2,1,4.0,16,1,1,0,0,305.76,0.0,516.76,0.0,1.0,northeast
13407.7,26,41,0,0,15.0,12,1,1,1,0,857.53,203.9,853.38,1055.12,1.0,north_central
14964.0,19,35,1,1,2.0,12,1,1,1,0,857.53,203.9,853.38,1055.12,1.0,west
13200.0,8,24,1,1,0.5,12,1,1,1,0,857.53,203.9,853.38,1055.12,1.0,south
16627.2,24,40,2,1,15.0,12,1,1,0,0,857.53,203.9,853.38,1055.12,1.0,south
17717.8,37,53,0,1,15.0,12,1,1,1,0,857.53,203.9,853.38,1055.12,1.0,west
23587.5,22,39,5,1,0.5,12,1,1,1,0,857.53,203.9,853.38,1055.12,1.0,west
18239.8,18,33,1,0,4.0,10,1,0,1,0,857.53,203.9,853.38,1055.12,1.0,west
12e3,42,58,0,1,2.0,12,1,1,0,1,552.86,137.81,549.39,604.35,1.0,west
2e4,26,43,0,0,15.0,13,1,1,1,1,855.69,203.53,822.5,1167.64,1.0,west
22e3,48,54,1,1,15.0,13,1,1,0,1,855.69,203.53,822.5,1167.64,1.0,northeast
8e3,2,42,1,0,0.5,12,0,1,1,0,342.77,58.82,354.3,287.17,1.0,north_central
5e3,9,29,3,1,8.0,10,0,1,0,0,380.33,0.0,402.04,211.59,1.0,south
7441.87,15,36,0,1,8.0,10,0,1,1,0,380.33,0.0,402.04,211.59,1.0,north_central
7e3,8,33,3,1,8.0,12,0,1,0,0,380.33,0.0,402.04,211.59,1.0,south
8289.2,11,27,1,0,2.0,12,1,1,1,0,634.56,5.56,801.78,619.17,1.0,south
10200.0,13,29,1,1,2.0,12,0,1,1,0,634.56,5.56,801.78,619.17,1.0,north_central
16e3,30,47,4,1,25.0,12,1,1,1,0,1023.75,227.03,1054.58,1260.8,1.0,north_central
15e3,18,36,7,1,15.0,10,1,0,1,0,1023.75,227.03,1054.58,1260.8,1.0,north_central
2e4,27,43,1,0,25.0,12,1,0,1,0,1023.75,227.03,1054.58,1260.8,1.0,north_central
15312.5,39,55,3,1,15.0,6,1,1,1,0,1023.75,227.03,1054.58,1260.8,1.0,north_central
13893.2,42,60,0,1,25.0,12,1,1,1,0,1023.75,227.03,1054.58,1260.8,1.0,south
12880.0,27,53,0,1,25.0,12,0,1,1,0,947.65,7.48,1323.8,1057.17,1.0,north_central
14288.4,15,31,2,1,8.0,12,1,1,1,0,947.65,7.48,1323.8,1057.17,1.0,south
17140.0,20,36,2,1,15.0,12,1,1,0,1,1075.51,252.53,906.55,1426.42,1.0,north_central
18250.6,14,32,2,1,8.0,16,1,1,0,1,1075.51,252.53,906.55,1426.42,1.0,west
27692.3,36,52,1,1,15.0,18,1,1,0,1,1075.51,252.53,906.55,1426.42,1.0,south
16e3,28,44,2,1,25.0,14,1,1,0,1,1075.51,252.53,906.55,1426.42,1.0,south
18900.0,12,28,3,1,2.0,16,1,1,0,1,1075.51,252.53,906.55,1426.42,1.0,north_central
2e4,17,39,0,0,15.0,16,1,1,0,1,1075.51,252.53,906.55,1426.42,1.0,north_central
9019.99,8,26,0,1,4.0,13,1,1,0,0,298.74,118.3,654.8,0.0,1.0,north_central
10901.2,12,28,1,1,0.5,13,1,1,0,0,172.91,141.36,148.64,0.0,1.0,south
11566.8,9,28,0,0,0.5,13,1,1,1,0,653.16,0.0,607.79,437.3,1.0,north_central
16699.2,20,39,2,1,15.0,13,1,1,1,0,946.48,316.73,818.39,1555.59,1.0,south
19200.0,9,25,2,1,8.0,12,1,1,1,0,946.48,316.73,818.39,1555.59,1.0,north_central
21250.0,20,35,3,1,4.0,10,1,1,1,0,946.48,316.73,818.39,1555.59,1.0,south
18865.0,14,30,0,0,4.0,13,1,1,0,0,946.48,316.73,818.39,1555.59,1.0,west
14373.8,6,23,2,1,0.5,12,1,1,1,0,946.48,316.73,818.39,1555.59,1.0,west
13795.4,20,36,3,1,15.0,12,1,1,1,0,946.48,316.73,818.39,1555.59,1.0,south
14e3,17,27,4,0,4.0,12,1,1,0,0,731.34,0.0,1262.88,1503.07,1.0,south
20896.2,38,54,3,1,25.0,8,1,1,1,0,731.34,0.0,1262.88,1503.07,1.0,north_central
21374.1,11,28,2,1,2.0,12,1,1,0,0,450.86,0.0,423.11,0.0,1.0,south
10076.8,26,51,0,1,25.0,12,0,1,1,1,518.53,226.65,523.07,686.01,1.0,west
10914.7,37,57,0,1,15.0,13,1,1,0,1,460.22,175.56,667.29,0.0,1.0,south
19384.6,19,35,2,1,8.0,13,1,1,0,1,1046.17,302.78,844.68,1416.82,1.0,north_central
15e3,9,25,0,0,8.0,18,1,1,0,1,1046.17,302.78,844.68,1416.82,1.0,northeast
27e3,28,46,2,1,25.0,12,1,1,0,1,1046.17,302.78,844.68,1416.82,1.0,south
18092.3,28,47,0,0,8.0,16,1,1,0,1,1046.17,302.78,844.68,1416.82,1.0,northeast
17113.8,18,34,3,1,15.0,13,0,1,0,1,1046.17,302.78,844.68,1416.82,1.0,north_central
16356.0,40,56,1,1,25.0,12,1,1,1,1,1046.17,302.78,844.68,1416.82,1.0,northeast
16e3,26,41,3,1,15.0,12,1,1,0,1,614.7,274.22,539.97,0.0,1.0,north_central
18125.0,10,34,1,1,4.0,14,1,1,0,1,614.7,274.22,539.97,0.0,1.0,south
15077.5,28,45,3,1,25.0,8,1,1,1,1,754.99,0.0,723.53,1279.59,1.0,north_central
15680.0,11,34,3,1,15.0,12,1,1,1,0,1015.57,463.89,915.32,1416.35,1.0,north_central
15052.8,12,31,1,1,15.0,13,1,1,1,0,1015.57,463.89,915.32,1416.35,1.0,west
15328.7,12,28,0,0,8.0,13,1,1,1,0,0.0,0.0,2248.86,2880.27,1.0,south
20500.0,12,28,2,1,4.0,13,1,1,0,1,1295.15,436.45,1002.57,2045.84,1.0,south
22800.0,44,63,0,1,25.0,12,1,1,1,1,1295.15,436.45,1002.57,2045.84,1.0,northeast
19e3,13,29,3,1,8.0,13,1,1,0,1,1295.15,436.45,1002.57,2045.84,1.0,south
27e3,27,48,5,1,25.0,16,1,1,0,1,1295.15,436.45,1002.57,2045.84,1.0,northeast
17176.4,16,35,1,0,8.0,12,1,1,0,1,1295.15,436.45,1002.57,2045.84,1.0,south
15e3,10,28,1,0,8.0,12,0,1,0,1,1295.15,436.45,1002.57,2045.84,1.0,south
3900.0,3,23,1,0,0.5,13,0,1,0,0,0.0,0.0,0.0,0.0,1.0,west
1794.0,7,29,4,1,0.5,12,0,1,0,0,0.0,0.0,0.0,0.0,1.0,north_central
3250.0,2,18,0,0,0.5,12,0,1,0,0,0.0,0.0,0.0,0.0,1.0,west
2870.4,12,70,0,0,8.0,8,0,1,0,0,0.0,0.0,0.0,0.0,1.0,north_central
7200.0,42,58,0,1,25.0,12,1,1,1,0,160.23,49.08,199.22,126.88,1.0,northeast
4400.0,1,17,0,0,4.0,10,1,1,0,0,0.0,0.0,32.33,0.0,1.0,northeast
4680.0,2,17,0,0,2.0,10,1,1,0,0,0.0,0.0,32.33,0.0,1.0,northeast
2677.5,57,80,0,1,8.0,13,1,1,0,1,114.0,0.0,0.0,0.0,1.0,north_central
2870.4,5,38,2,1,0.5,12,0,1,0,1,0.0,0.0,0.0,0.0,1.0,northeast
26e3,23,39,1,1,15.0,16,1,1,0,1,318.78,168.39,407.17,1153.78,1.0,west
5199.99,15,56,0,0,8.0,6,0,1,0,0,180.94,51.84,215.74,0.0,1.0,south
5952.0,29,47,0,1,25.0,12,1,1,1,0,195.96,0.0,324.67,372.97,1.0,south
5163.75,23,46,4,0,15.0,6,0,1,0,0,154.52,0.0,16.28,0.0,1.0,south
5982.3,1,18,0,0,2.0,12,1,0,0,0,154.52,0.0,16.28,0.0,1.0,north_central
6250.0,42,64,0,0,15.0,12,0,0,0,0,154.52,0.0,16.28,0.0,1.0,south
7799.99,8,24,0,1,4.0,13,1,1,1,0,138.81,0.36,232.37,0.0,1.0,south
9660.0,33,51,1,1,4.0,12,1,1,0,0,348.11,122.81,514.22,421.82,1.0,north_central
10250.8,12,28,0,0,15.0,16,1,1,1,0,348.11,122.81,514.22,421.82,1.0,west
11538.5,7,25,2,1,4.0,12,1,1,0,0,348.11,122.81,514.22,421.82,1.0,west
10200.0,12,30,2,1,2.0,16,1,1,0,0,304.53,125.18,466.49,0.0,1.0,south
10500.0,22,32,1,1,4.0,16,1,0,0,0,304.53,125.18,466.49,0.0,1.0,south
8500.0,7,25,0,0,2.0,12,1,1,0,0,219.18,99.64,273.86,0.0,1.0,north_central
1e4,38,54,4,1,4.0,12,1,1,0,0,219.18,99.64,273.86,0.0,1.0,north_central
10800.0,15,31,2,1,8.0,10,0,0,1,0,219.18,99.64,273.86,0.0,1.0,north_central
11e3,18,34,2,1,4.0,10,1,0,0,0,352.06,0.0,531.89,474.23,1.0,south
9100.0,35,56,2,1,25.0,8,1,0,1,0,352.06,0.0,531.89,474.23,1.0,northeast
9896.04,5,24,1,1,2.0,12,1,1,0,0,352.06,0.0,531.89,474.23,1.0,north_central
9371.25,7,25,2,1,2.0,12,1,1,0,0,258.86,0.0,216.43,417.86,1.0,north_central
11628.0,8,25,3,1,0.5,12,1,1,0,0,295.71,0.0,492.15,0.0,1.0,south
10965.0,12,30,1,1,2.0,12,1,1,0,0,295.71,0.0,492.15,0.0,1.0,west
9787.49,31,46,1,0,4.0,12,1,1,0,0,303.38,0.0,200.78,0.0,1.0,south
12500.0,8,28,3,1,0.5,13,1,1,0,0,571.73,131.03,713.57,607.17,1.0,south
16e3,23,39,5,1,8.0,12,1,1,1,0,571.73,131.03,713.57,607.17,1.0,northeast
13160.0,10,26,2,1,0.5,12,1,1,0,0,571.73,131.03,713.57,607.17,1.0,south
12350.0,11,29,3,1,2.0,8,1,1,0,0,226.0,164.45,0.0,0.0,1.0,northeast
16468.0,39,55,0,1,15.0,6,1,1,1,0,546.7,0.0,747.16,964.91,1.0,north_central
14625.0,5,21,0,0,4.0,12,0,1,1,0,546.7,0.0,747.16,964.91,1.0,north_central
5390.0,7,21,0,0,2.0,12,0,1,0,1,268.55,69.75,318.79,419.68,1.0,south
7344.0,12,28,2,1,4.0,13,1,1,0,1,270.85,0.0,395.27,314.45,1.0,north_central
6e3,6,26,1,1,4.0,12,0,1,0,1,270.85,0.0,395.27,314.45,1.0,north_central
5610.0,9,26,1,1,0.5,10,1,1,0,1,190.46,0.0,311.83,0.0,1.0,south
5399.99,5,23,1,1,8.0,12,0,1,0,1,0.0,0.0,0.0,0.0,1.0,south
6885.0,12,35,4,0,0.5,13,0,1,0,1,0.0,0.0,204.43,0.0,1.0,north_central
10368.0,32,57,1,1,15.0,12,0,1,0,1,385.47,131.89,403.1,595.53,1.0,north_central
9611.53,10,28,2,1,0.5,14,1,1,0,1,445.44,113.17,67.3,0.0,1.0,south
1e4,37,53,3,1,4.0,13,1,1,0,1,403.17,121.44,490.63,8.73,1.0,north_central
9120.0,42,58,0,1,8.0,12,1,1,0,1,403.17,121.44,490.63,8.73,1.0,south
10500.0,4,24,0,0,0.5,16,1,1,0,1,403.17,121.44,490.63,8.73,1.0,northeast
8277.49,7,25,0,0,2.0,16,0,1,0,1,357.87,0.0,23.78,0.0,1.0,north_central
8169.99,8,24,0,1,0.5,12,0,1,0,1,319.43,0.0,376.47,0.0,1.0,north_central
9690.0,5,37,3,1,2.0,12,0,1,0,1,349.96,0.0,339.86,7.28,1.0,west
11250.0,4,20,0,0,0.5,12,1,1,0,1,349.96,0.0,339.86,7.28,1.0,north_central
19428.5,16,32,0,1,8.0,13,1,1,0,1,737.12,229.58,624.67,813.94,1.0,north_central
16500.0,16,34,3,1,15.0,12,1,1,0,1,737.12,229.58,624.67,813.94,1.0,northeast
19600.0,14,34,4,1,15.0,13,1,1,0,1,737.12,229.58,624.67,813.94,1.0,north_central
16800.0,28,44,3,1,15.0,13,1,1,0,1,737.12,229.58,624.67,813.94,1.0,north_central
2e4,9,24,0,0,4.0,13,0,1,0,1,737.12,229.58,624.67,813.94,1.0,northeast
27500.0,42,63,0,1,25.0,16,1,1,0,1,737.12,229.58,624.67,813.94,1.0,northeast
2e4,14,30,0,0,8.0,13,1,1,0,1,737.12,229.58,624.67,813.94,1.0,west
16e3,49,65,0,1,25.0,10,1,1,0,1,936.0,292.96,523.99,2090.24,1.0,north_central
12692.3,11,32,2,1,2.0,16,1,1,0,1,617.63,217.49,646.9,96.87,1.0,south
13569.2,5,23,0,0,2.0,13,1,1,1,1,715.17,0.0,193.64,764.53,1.0,north_central
2e4,11,27,1,0,2.0,16,1,1,0,1,715.17,0.0,193.64,764.53,1.0,west
15416.0,23,39,1,1,15.0,6,1,1,1,1,780.0,0.0,1564.5,1948.5,1.0,south
6300.0,4,20,0,0,2.0,10,1,1,0,1,381.73,111.85,181.71,339.91,1.0,northeast
11307.7,11,46,0,1,8.0,12,0,1,0,1,391.18,106.7,314.85,421.13,1.0,south
10896.0,33,53,2,1,2.0,12,1,1,0,1,391.18,106.7,314.85,421.13,1.0,northeast
8009.05,3,36,1,0,2.0,13,0,1,0,1,418.03,0.0,162.4,208.38,1.0,north_central
14e3,15,51,0,1,8.0,10,0,1,0,1,790.63,176.68,840.32,995.4,1.0,south
24e3,23,42,0,0,8.0,14,1,1,0,1,790.63,176.68,840.32,995.4,1.0,west
19100.0,10,28,0,0,4.0,18,0,1,0,1,790.63,176.68,840.32,995.4,1.0,north_central
25e3,4,28,0,1,2.0,18,1,1,0,1,790.63,176.68,840.32,995.4,1.0,north_central
3e3,2,18,0,0,0.5,14,0,1,0,1,36.0,0.0,48.0,94.0,1.0,south
6800.62,15,31,3,1,4.0,12,0,1,0,1,230.0,0.0,0.0,0.0,1.0,north_central
9e3,20,38,0,1,15.0,12,1,1,0,1,405.72,195.33,603.44,944.65,1.0,northeast
13292.3,12,30,1,1,15.0,12,0,1,0,1,827.76,372.38,728.29,1487.5,1.0,west
5520.0,49,65,0,1,25.0,6,1,0,0,0,0.0,0.0,0.0,0.0,1.0,south
5769.23,5,25,0,0,2.0,13,0,0,0,1,358.75,134.87,304.36,503.2,1.0,south
4691.99,5,24,0,1,0.5,13,0,1,0,1,513.42,0.0,318.08,254.15,1.0,north_central
8880.0,15,31,0,0,0.5,16,0,1,0,1,454.04,184.39,453.1,739.59,1.0,northeast
10400.0,5,23,0,0,2.0,16,0,1,0,1,454.04,184.39,453.1,739.59,1.0,south
9300.0,9,25,2,1,4.0,16,1,1,0,1,454.04,184.39,453.1,739.59,1.0,northeast
10500.0,4,25,0,0,2.0,16,1,1,0,1,454.04,184.39,453.1,739.59,1.0,south
8423.07,4,22,0,0,4.0,13,0,0,0,1,454.04,184.39,453.1,739.59,1.0,west
11508.0,5,27,2,1,2.0,12,0,0,0,1,454.04,184.39,453.1,739.59,1.0,northeast
9230.77,14,48,0,1,8.0,12,0,1,0,1,382.92,142.67,355.92,72.59,1.0,south
8653.84,20,36,1,0,0.5,13,0,1,0,1,382.92,142.67,355.92,72.59,1.0,south
15720.0,37,53,0,0,15.0,12,0,1,0,1,718.24,295.92,657.33,1063.31,1.0,west
14560.0,25,44,2,1,2.0,12,1,1,0,1,718.24,295.92,657.33,1063.31,1.0,south
19e3,17,34,0,0,8.0,13,1,1,0,1,718.24,295.92,657.33,1063.31,1.0,west
14800.0,15,36,2,1,15.0,16,1,1,0,1,718.24,295.92,657.33,1063.31,1.0,south
22e3,21,43,3,1,2.0,13,1,1,0,1,718.24,295.92,657.33,1063.31,1.0,north_central
19200.0,23,44,2,1,2.0,14,1,1,0,1,935.41,350.68,579.98,0.0,1.0,north_central
6468.0,34,62,0,1,15.0,8,0,1,0,1,382.53,169.43,309.62,565.6,1.0,south
7150.0,6,30,0,1,4.0,16,1,1,0,1,382.53,169.43,309.62,565.6,1.0,northeast
9e3,18,59,0,1,8.0,13,0,1,0,1,533.69,211.19,493.77,853.33,1.0,north_central
31e3,32,51,2,1,2.0,13,1,1,0,1,868.77,404.34,673.74,1297.44,1.0,north_central
4e4,35,51,4,1,2.0,18,1,1,0,1,868.77,404.34,673.74,1297.44,1.0,northeast
2884.61,24,64,0,0,0.5,16,0,1,0,0,42.99,22.95,0.0,0.0,1.0,west
6500.0,15,31,2,1,15.0,12,1,1,0,0,121.68,34.47,142.19,0.0,1.0,northeast
5653.84,44,63,0,1,25.0,12,1,1,0,0,112.9,18.58,250.0,0.0,1.0,west
4425.2,1,20,0,0,0.5,12,0,1,0,0,140.0,0.0,5.99,0.0,1.0,south
8343.74,23,39,3,1,2.0,12,1,1,1,0,274.0,57.5,225.0,163.5,1.0,south
27720.0,19,35,2,1,15.0,12,1,1,0,0,785.05,297.52,506.63,979.09,1.0,northeast
13392.0,23,41,2,1,15.0,12,1,1,0,0,785.05,297.52,506.63,979.09,1.0,northeast
2e4,19,35,2,1,15.0,13,1,1,0,0,785.05,297.52,506.63,979.09,1.0,west
22440.0,10,26,2,1,2.0,13,1,1,0,0,460.0,0.0,308.17,0.0,1.0,north_central
16e3,18,35,3,1,0.5,12,1,1,0,0,189.0,0.0,0.0,0.0,1.0,west
6799.99,21,37,0,1,4.0,16,1,1,1,1,73.2,0.0,120.0,0.0,1.0,northeast
5e3,3,20,0,0,0.5,13,0,1,0,1,0.0,0.0,0.0,0.0,1.0,south
9360.0,10,27,0,0,4.0,12,0,1,0,1,412.37,120.24,406.41,626.16,1.0,northeast
11545.4,25,45,1,1,2.0,13,1,1,0,1,354.72,123.13,535.04,51.02,1.0,south
9639.0,7,23,1,0,2.0,13,1,1,0,1,395.18,4.15,427.47,0.0,1.0,west
8324.99,5,22,0,1,4.0,12,1,1,0,1,349.75,0.0,997.5,0.0,1.0,south
35e3,24,47,0,1,15.0,18,1,1,0,1,795.26,244.61,510.99,1424.04,1.0,west
24e3,29,45,0,0,25.0,13,1,1,0,1,796.61,286.02,796.72,1333.98,1.0,west
14400.0,15,31,3,1,15.0,13,1,1,0,1,796.61,286.02,796.72,1333.98,1.0,south
15e3,13,32,0,1,4.0,18,0,1,0,1,796.61,286.02,796.72,1333.98,1.0,northeast
3450.0,3,36,3,0,0.5,10,0,1,0,0,63.25,0.0,0.0,0.0,1.0,north_central
1800.0,23,69,0,0,25.0,13,0,1,0,1,0.0,0.0,0.0,0.0,1.0,south
2574.0,16,49,2,1,15.0,16,0,1,0,1,0.0,0.0,0.0,0.0,1.0,south
9500.0,7,25,0,0,0.5,18,0,1,0,1,452.5,376.0,0.0,0.0,1.0,northeast
16e3,9,32,2,1,2.0,18,1,1,0,1,157.69,368.09,703.57,498.07,1.0,north_central
20300.0,15,34,3,1,2.0,18,1,1,1,1,662.86,319.0,305.0,540.86,1.0,northeast
16700.0,13,34,2,1,8.0,18,1,1,1,1,662.86,319.0,305.0,540.86,1.0,northeast
5500.0,32,48,0,1,2.0,8,1,1,0,0,267.75,132.66,243.75,225.84,1.0,northeast
6125.0,28,46,1,0,15.0,13,0,0,0,0,267.75,132.66,243.75,225.84,1.0,south
6281.24,8,36,6,1,8.0,10,0,0,1,0,248.5,100.13,164.52,236.58,1.0,north_central
5019.99,13,32,1,0,4.0,13,0,1,0,0,248.5,100.13,164.52,236.58,1.0,north_central
6885.0,12,35,7,0,0.5,10,0,0,0,0,144.38,56.04,59.58,0.0,1.0,south
6854.39,12,48,3,1,8.0,12,0,0,0,0,200.84,94.22,158.59,0.0,1.0,north_central
8280.0,8,25,0,0,4.0,13,0,0,0,0,163.31,198.82,0.0,0.0,1.0,south
3e3,24,46,0,0,15.0,13,0,1,0,1,333.97,140.0,132.47,188.07,1.0,north_central
4900.0,10,29,2,1,2.0,12,0,1,0,1,373.29,115.07,248.13,301.49,1.0,northeast
6092.3,13,35,1,1,2.0,18,0,0,0,1,373.29,115.07,248.13,301.49,1.0,west
7920.0,38,66,0,1,25.0,6,0,1,1,1,373.29,115.07,248.13,301.49,1.0,northeast
5915.07,3,19,0,1,0.5,12,0,1,0,1,373.29,115.07,248.13,301.49,1.0,south
5760.0,7,23,0,1,0.5,13,0,0,0,1,373.29,115.07,248.13,301.49,1.0,south
5480.77,12,30,2,0,4.0,12,0,1,0,1,194.48,172.04,10.3,0.0,1.0,south
7e3,36,54,0,0,4.0,13,0,0,0,1,313.89,177.23,233.62,0.0,1.0,south
5538.46,26,42,0,0,8.0,10,0,0,1,1,175.27,0.0,64.8,0.0,1.0,north_central
6646.15,8,28,0,1,0.5,16,1,1,0,1,0.0,0.0,0.0,0.0,1.0,north_central
5076.92,1,19,0,0,0.5,12,0,1,0,1,0.0,0.0,0.0,0.0,1.0,south
5e3,6,22,0,1,0.5,16,0,1,0,1,0.0,0.0,0.0,0.0,1.0,northeast
10500.0,37,55,2,1,4.0,12,1,1,0,1,415.03,169.45,306.7,415.56,1.0,south
12e3,33,53,1,1,8.0,18,1,1,0,1,415.03,169.45,306.7,415.56,1.0,north_central
10600.0,8,25,0,1,4.0,14,0,1,1,1,539.77,245.4,347.78,506.58,1.0,north_central
12e3,11,27,0,1,2.0,18,1,1,1,1,539.77,245.4,347.78,506.58,1.0,north_central
10523.1,20,36,0,1,15.0,12,0,1,0,1,539.77,245.4,347.78,506.58,1.0,west
10728.0,12,28,1,0,8.0,12,0,1,0,1,539.77,245.4,347.78,506.58,1.0,north_central
9980.77,14,29,0,0,0.5,13,0,1,0,1,539.77,245.4,347.78,506.58,1.0,north_central
1e4,13,30,2,1,8.0,18,0,1,1,1,539.77,245.4,347.78,506.58,1.0,northeast
9150.0,30,47,2,1,2.0,18,1,1,0,1,283.0,106.5,300.33,584.5,1.0,south
11092.8,11,31,1,0,4.0,16,0,1,1,1,283.0,106.5,300.33,584.5,1.0,west
9500.0,31,47,2,1,2.0,18,1,1,0,1,283.0,106.5,300.33,584.5,1.0,north_central
17900.0,10,33,0,0,4.0,18,0,1,0,1,930.47,312.32,653.72,1264.68,1.0,south
13e3,23,38,5,1,0.5,18,1,1,0,1,930.47,312.32,653.72,1264.68,1.0,north_central
13500.0,15,31,2,1,8.0,16,1,1,1,1,930.47,312.32,653.72,1264.68,1.0,west
12500.0,10,30,2,1,4.0,18,0,1,1,1,930.47,312.32,653.72,1264.68,1.0,south
13456.1,25,41,2,1,4.0,13,0,1,0,1,930.47,312.32,653.72,1264.68,1.0,west
17500.0,12,39,2,1,8.0,14,0,1,0,1,930.47,312.32,653.72,1264.68,1.0,south
13440.0,24,43,2,1,15.0,16,0,1,1,1,930.47,312.32,653.72,1264.68,1.0,northeast
13e3,20,37,0,0,8.0,18,0,1,0,1,930.47,312.32,653.72,1264.68,1.0,northeast
15e3,21,37,2,1,8.0,18,1,1,0,1,930.47,312.32,653.72,1264.68,1.0,west
14500.0,8,26,0,0,4.0,18,1,1,0,1,930.47,312.32,653.72,1264.68,1.0,south
2e4,34,50,2,1,15.0,18,1,1,1,1,930.47,312.32,653.72,1264.68,1.0,north_central
15400.0,30,48,2,1,8.0,16,0,1,0,1,930.47,312.32,653.72,1264.68,1.0,south
3e4,27,43,1,1,2.0,12,1,1,1,1,930.47,312.32,653.72,1264.68,1.0,south
16500.0,5,27,0,1,0.5,18,1,1,0,1,930.47,312.32,653.72,1264.68,1.0,north_central
17e3,19,35,2,1,2.0,18,1,1,0,1,930.47,312.32,653.72,1264.68,1.0,northeast
12500.0,12,28,0,1,2.0,18,1,1,0,1,930.47,312.32,653.72,1264.68,1.0,north_central
16e3,32,50,0,0,15.0,18,0,1,1,1,740.68,277.55,158.25,2346.35,1.0,west
14150.0,37,53,0,1,2.0,16,1,1,0,1,740.68,277.55,158.25,2346.35,1.0,west
16e3,22,42,1,1,15.0,18,1,1,1,1,740.68,277.55,158.25,2346.35,1.0,west
13300.0,14,30,0,0,2.0,18,0,1,0,1,740.68,277.55,158.25,2346.35,1.0,west
16500.0,32,48,2,1,8.0,18,1,1,0,1,740.68,277.55,158.25,2346.35,1.0,north_central
14600.0,34,54,7,0,4.0,18,1,0,0,1,740.68,277.55,158.25,2346.35,1.0,south
22e3,26,46,0,0,15.0,18,0,1,0,1,740.68,277.55,158.25,2346.35,1.0,south
22050.0,35,63,1,0,15.0,18,0,1,1,1,740.68,277.55,158.25,2346.35,1.0,northeast
14200.0,9,36,2,1,0.5,18,1,0,0,1,634.17,347.92,235.42,399.25,1.0,north_central
14586.0,40,55,0,1,8.0,12,1,0,0,1,709.77,254.05,575.91,0.0,1.0,northeast
17e3,33,49,3,1,15.0,18,1,1,0,1,1312.84,0.0,946.11,1231.44,1.0,north_central
12936.0,13,44,4,1,2.0,14,0,1,0,1,637.51,0.0,748.07,0.0,1.0,north_central
6659.99,10,26,0,1,0.5,13,1,1,0,0,353.83,149.95,266.47,261.49,1.0,north_central
7679.99,9,25,0,0,4.0,13,1,1,0,0,353.83,149.95,266.47,261.49,1.0,west
9399.99,7,26,1,0,4.0,12,0,1,0,0,490.99,237.99,443.06,390.3,1.0,north_central
12e3,50,64,0,1,8.0,8,1,1,1,0,542.45,319.45,821.27,0.0,1.0,northeast
11739.0,3,22,0,0,2.0,13,0,1,0,0,98.57,0.0,133.13,21.79,1.0,north_central
12364.8,20,37,2,1,15.0,13,0,1,1,0,665.81,319.22,581.62,536.9,1.0,north_central
12500.0,31,47,4,1,8.0,12,1,1,1,0,665.81,319.22,581.62,536.9,1.0,northeast
10700.0,7,23,0,1,2.0,18,0,1,1,1,553.67,257.63,398.91,404.22,1.0,northeast
8789.76,8,27,1,1,4.0,14,0,1,0,1,553.67,257.63,398.91,404.22,1.0,south
11e3,16,32,0,1,8.0,12,0,1,0,1,553.67,257.63,398.91,404.22,1.0,south
9199.0,6,22,0,0,2.0,12,0,1,0,1,553.67,257.63,398.91,404.22,1.0,north_central
8519.99,25,44,0,0,2.0,12,0,1,0,1,553.67,257.63,398.91,404.22,1.0,north_central
9600.0,1,23,0,0,0.5,16,0,1,0,1,553.67,257.63,398.91,404.22,1.0,south
11662.0,8,24,0,0,0.5,18,0,1,0,1,553.67,257.63,398.91,404.22,1.0,north_central
22e3,10,35,2,1,2.0,18,1,1,0,1,882.57,343.34,540.58,885.92,1.0,west
16e3,23,39,3,1,0.5,6,1,1,0,1,882.57,343.34,540.58,885.92,1.0,south
22e3,38,52,0,0,0.5,18,0,1,0,1,882.57,343.34,540.58,885.92,1.0,south
15312.5,8,28,0,1,0.5,18,1,1,0,1,1121.6,298.27,69.77,146.87,1.0,north_central
20700.0,22,40,1,1,2.0,12,1,1,1,1,1885.0,0.0,603.67,1152.67,1.0,north_central
9e3,3,21,0,0,0.5,10,1,0,0,0,413.59,176.72,467.85,0.0,1.0,south
9600.0,1,20,0,0,0.5,13,1,1,0,0,233.97,0.0,41.2,0.0,1.0,south
14280.0,12,28,3,1,0.5,16,1,1,0,0,139.56,0.0,356.26,0.0,1.0,south
7500.0,25,46,1,0,8.0,12,0,1,0,1,300.5,73.0,0.0,0.0,1.0,north_central
16e3,40,53,0,1,15.0,16,1,1,0,1,995.69,408.11,917.51,1452.01,1.0,south
3e4,22,38,1,1,8.0,13,1,1,1,1,995.69,408.11,917.51,1452.01,1.0,west
9164.99,16,33,1,1,8.0,10,1,0,1,0,1105.41,0.0,1556.5,1915.69,1.0,south
10210.7,12,27,2,0,4.0,10,1,1,1,0,453.63,1.45,568.03,421.65,1.0,north_central
9214.39,35,51,2,1,0.5,6,1,1,1,0,124.0,0.0,136.07,0.0,1.0,north_central
16e3,45,63,0,1,25.0,13,1,1,1,0,674.78,145.13,874.29,797.09,1.0,northeast
17012.8,17,33,2,1,15.0,12,1,1,1,0,871.49,0.0,1404.89,978.43,1.0,north_central
13160.0,40,56,0,1,15.0,13,1,1,0,0,266.65,0.0,668.42,0.0,1.0,west
7915.38,4,21,3,0,2.0,16,0,0,0,1,362.8,64.0,390.0,195.2,1.0,west
13200.0,20,45,1,1,15.0,12,0,1,0,1,905.65,219.82,998.97,1230.22,1.0,south
35e3,25,47,1,1,15.0,13,1,1,0,1,710.69,187.31,776.67,0.0,1.0,north_central
7659.99,7,26,0,0,8.0,12,0,1,1,0,355.33,104.64,466.88,409.34,1.0,north_central
7650.0,4,24,0,0,0.5,12,0,1,0,0,101.39,0.0,115.64,0.0,1.0,west
17216.6,16,33,4,1,15.0,12,1,1,1,0,898.55,203.74,1332.61,1235.02,1.0,north_central
8100.0,7,24,1,1,15.0,10,1,1,0,1,642.34,0.0,415.94,667.17,1.0,south
6526.8,17,33,0,0,8.0,10,0,1,0,0,228.5,0.0,325.85,253.87,1.0,northeast
5319.99,11,30,1,1,8.0,10,0,1,0,0,228.5,0.0,325.85,253.87,1.0,south
5879.99,3,20,0,0,0.5,8,0,1,0,0,236.04,0.0,83.06,0.0,1.0,south
5500.0,26,47,2,1,8.0,6,0,1,0,0,138.91,0.0,198.05,0.0,1.0,northeast
19824.7,4,24,0,1,2.0,16,1,1,1,0,857.53,203.9,853.38,1055.12,1.0,west
5605.6,10,27,2,1,4.0,10,0,0,1,0,380.33,0.0,402.04,211.59,1.0,south
17860.0,41,57,0,1,25.0,12,1,1,1,0,1023.75,227.03,1054.58,1260.8,1.0,west
12397.0,28,45,3,1,25.0,12,1,1,1,0,947.65,7.48,1323.8,1057.17,1.0,north_central
18500.0,18,34,3,1,15.0,18,1,1,0,1,1075.51,252.53,906.55,1426.42,1.0,north_central
5040.0,16,16,0,0,0.5,10,1,1,0,0,0.0,0.0,0.0,0.0,1.0,north_central
9879.99,11,28,0,0,8.0,12,0,1,1,1,314.25,0.0,587.65,316.85,1.0,north_central
15e3,7,25,0,1,8.0,12,1,1,1,1,1046.17,302.78,844.68,1416.82,1.0,northeast
16e3,26,42,3,1,15.0,12,1,1,0,1,1046.17,302.78,844.68,1416.82,1.0,south
11016.0,17,33,0,0,15.0,12,0,1,1,1,589.33,249.13,784.31,1121.91,1.0,south
20500.0,12,32,1,1,2.0,16,1,1,0,1,1295.15,436.45,1002.57,2045.84,1.0,northeast
3298.68,1,19,0,0,0.5,13,0,1,0,0,0.0,0.0,85.0,0.0,1.0,northeast
4400.0,4,20,0,0,0.5,12,1,1,0,0,0.0,0.0,0.0,0.0,1.0,west
18216.0,22,38,2,1,15.0,13,1,1,0,0,571.73,131.03,713.57,607.17,1.0,northeast
7500.0,5,21,0,1,2.0,13,0,1,1,1,268.55,69.75,318.79,419.68,1.0,west
4811.85,2,43,2,1,0.5,12,0,1,0,1,0.0,0.0,0.0,0.0,1.0,north_central
8500.0,35,55,0,0,15.0,12,0,1,0,1,385.47,131.89,403.1,595.53,1.0,north_central
9450.0,6,22,0,0,0.5,13,1,1,0,1,403.17,121.44,490.63,8.73,1.0,northeast
15e3,5,20,0,0,2.0,13,1,1,0,1,617.62,0.0,312.92,0.0,1.0,northeast
5880.0,47,63,4,1,8.0,6,0,0,0,0,320.51,129.32,204.95,0.0,1.0,south
5625.0,2,18,0,0,0.5,12,0,1,0,1,358.75,134.87,304.36,503.2,1.0,northeast
7711.84,21,40,3,1,4.0,12,0,1,0,1,358.75,134.87,304.36,503.2,1.0,south
10118.5,5,59,0,0,4.0,10,0,1,0,1,454.04,184.39,453.1,739.59,1.0,northeast
13569.2,38,54,2,0,15.0,12,1,0,0,1,868.77,404.34,673.74,1297.44,1.0,northeast
6426.0,6,25,3,1,2.0,10,1,1,0,0,118.88,59.65,0.0,0.0,1.0,north_central
6500.0,15,37,3,1,2.0,10,0,1,0,0,133.18,0.0,297.14,109.32,1.0,south
8400.0,25,54,0,1,15.0,13,0,1,0,1,412.37,120.24,406.41,626.16,1.0,south
12e3,34,50,1,1,4.0,12,0,1,0,1,412.37,120.24,406.41,626.16,1.0,north_central
9250.0,27,43,3,1,8.0,12,1,1,0,1,395.18,4.15,427.47,0.0,1.0,south
119e3,60,62,0,1,2.0,12,1,1,0,1,0.0,0.0,132.0,0.0,1.0,south
4126.15,6,24,2,1,0.5,12,0,1,0,0,248.5,100.13,164.52,236.58,1.0,south
6143.99,5,26,0,0,2.0,12,0,1,1,0,175.85,105.07,225.46,0.0,1.0,west
4415.99,3,24,0,0,0.5,13,0,0,0,0,0.0,0.0,0.0,0.0,1.0,south
9600.0,5,22,0,0,0.5,13,1,1,0,0,439.5,204.08,451.04,504.28,1.0,south
6762.0,3,19,0,0,0.5,13,1,1,0,1,373.29,115.07,248.13,301.49,1.0,north_central
11025.0,40,57,0,0,15.0,10,0,0,1,1,539.77,245.4,347.78,506.58,1.0,northeast
9692.3,5,30,2,0,0.5,14,0,1,0,1,283.0,106.5,300.33,584.5,1.0,south
10176.9,15,50,1,1,8.0,13,0,1,0,1,283.0,106.5,300.33,584.5,1.0,north_central
8014.99,20,36,2,0,0.5,14,0,0,0,1,794.0,84.0,290.0,353.0,1.0,west
9180.0,11,35,0,1,0.5,13,0,1,0,1,543.74,0.0,664.83,656.91,1.0,west
15e3,23,51,0,1,25.0,16,0,1,0,1,930.47,312.32,653.72,1264.68,1.0,south
39e3,11,37,2,1,2.0,18,1,0,0,1,740.68,277.55,158.25,2346.35,1.0,northeast
9707.99,13,44,1,0,4.0,6,0,1,1,0,490.99,237.99,443.06,390.3,1.0,west
7680.0,9,31,1,1,8.0,10,1,1,1,0,195.0,39.0,451.2,400.0,1.0,south
15504.0,40,62,0,0,2.0,8,1,1,1,0,0.0,0.0,819.9,888.49,1.0,north_central
6935.99,6,23,0,1,2.0,12,0,1,0,0,281.69,1.17,386.5,296.51,1.0,west
7046.15,4,25,0,1,0.5,14,1,1,0,0,276.02,0.0,428.95,0.0,1.0,south
9562.5,45,61,0,1,25.0,10,1,1,0,1,642.34,0.0,415.94,667.17,1.0,northeast
4991.99,10,56,0,0,2.0,6,0,1,0,0,178.55,1.69,176.21,0.0,1.0,south
5040.0,23,58,0,1,25.0,8,0,1,1,0,342.77,58.82,354.3,287.17,1.0,south
2880.0,1,18,0,0,0.5,12,1,1,0,0,0.0,0.0,0.0,0.0,1.0,northeast
1150.0,9,47,0,1,2.0,12,0,1,0,0,0.0,0.0,0.0,0.0,1.0,northeast
3456.0,1,23,0,0,2.0,16,0,1,0,1,144.0,0.0,28.0,0.0,1.0,west
1614.6,37,23,0,0,0.5,12,1,1,0,1,0.0,0.0,0.0,0.0,1.0,northeast
8313.0,26,53,0,1,25.0,8,1,1,0,0,294.57,0.0,62.59,0.0,1.0,north_central
13230.0,3,19,0,0,2.0,12,1,1,0,0,546.7,0.0,747.16,964.91,1.0,northeast
2611.2,7,24,0,1,4.0,12,0,1,1,0,78.46,10.44,62.2,93.5,1.0,south
3796.0,25,52,0,0,15.0,12,0,0,0,0,0.0,0.0,0.0,0.0,1.0,south
4799.99,45,58,7,1,2.0,6,1,1,0,1,0.0,0.0,0.0,0.0,1.0,west
8745.76,3,24,0,0,0.5,13,1,1,1,1,412.37,120.24,406.41,626.16,1.0,west
1820.54,12,49,0,1,0.5,12,0,1,0,1,0.0,0.0,0.0,0.0,1.0,north_central
8820.0,8,31,2,0,2.0,13,0,1,0,0,570.5,207.3,141.6,206.89,1.0,west
5e3,6,35,4,1,0.5,13,0,1,0,1,373.29,115.07,248.13,301.49,1.0,south
7680.0,16,32,0,1,15.0,12,0,1,0,1,463.1,129.17,195.3,438.58,1.0,south
8500.0,2,22,0,1,0.5,16,0,1,0,1,649.0,288.21,342.49,587.0,1.0,north_central
6487.2,7,23,0,0,0.5,10,1,1,0,0,0.0,0.0,0.0,0.0,1.0,south
9543.6,3,19,0,0,0.5,12,1,1,1,0,0.0,0.0,0.0,0.0,1.0,north_central
15680.0,6,22,0,1,4.0,13,1,1,1,0,485.11,155.11,1300.4,1286.3,1.0,northeast
20325.2,29,46,2,1,15.0,12,1,1,1,0,149.99,0.0,1153.97,1394.1,1.0,north_central
17340.0,8,26,0,1,2.0,12,1,1,0,0,0.0,0.0,1311.69,1963.75,1.0,south
14e3,15,31,2,1,2.0,12,1,1,0,0,425.85,0.0,431.63,0.0,1.0,north_central
14e3,36,56,0,1,25.0,8,1,1,0,0,425.85,0.0,431.63,0.0,1.0,south
2e4,11,27,2,1,0.5,12,1,1,0,0,139.56,0.0,356.26,0.0,1.0,west
17952.0,30,46,1,1,2.0,10,1,1,1,0,0.0,0.0,819.9,888.49,1.0,northeast
19894.0,8,24,2,1,8.0,12,1,1,1,0,0.0,0.0,819.9,888.49,1.0,south
27499.5,20,36,2,1,8.0,16,1,1,0,1,995.69,408.11,917.51,1452.01,1.0,south
13569.2,43,59,1,1,25.0,10,1,1,0,1,995.69,408.11,917.51,1452.01,1.0,south
7613.99,23,39,2,0,25.0,12,0,1,1,0,281.69,1.17,386.5,296.51,1.0,northeast
5292.99,15,37,2,1,8.0,12,0,1,1,0,281.69,1.17,386.5,296.51,1.0,northeast
9015.99,35,55,4,1,2.0,10,1,0,0,0,436.85,103.37,670.67,424.93,1.0,south
10150.0,3,19,1,0,0.5,12,1,1,1,0,453.63,1.45,568.03,421.65,1.0,north_central
8199.99,14,30,2,1,8.0,10,1,0,1,0,453.63,1.45,568.03,421.65,1.0,south
10662.4,14,30,3,1,8.0,12,0,1,1,0,453.63,1.45,568.03,421.65,1.0,north_central
11566.8,9,25,0,1,2.0,13,1,1,0,0,357.28,0.0,500.18,0.0,1.0,west
22499.0,42,58,0,1,25.0,8,1,1,0,0,674.78,145.13,874.29,797.09,1.0,north_central
12054.0,29,45,1,1,2.0,12,1,1,1,0,266.65,0.0,668.42,0.0,1.0,north_central
14803.2,15,32,3,1,15.0,13,1,1,1,1,905.65,219.82,998.97,1230.22,1.0,northeast
2e4,35,52,0,1,15.0,13,1,1,0,1,905.65,219.82,998.97,1230.22,1.0,south
13062.5,35,53,2,1,15.0,6,1,1,0,1,905.65,219.82,998.97,1230.22,1.0,south
6884.99,3,19,0,0,0.5,12,1,1,1,0,355.33,104.64,466.88,409.34,1.0,northeast
6099.99,1,18,0,0,0.5,10,1,1,0,0,355.33,104.64,466.88,409.34,1.0,northeast
6840.39,44,60,0,1,15.0,8,1,1,1,0,286.78,0.0,414.81,323.79,1.0,northeast
5126.39,1,33,2,1,0.5,8,0,1,0,0,286.78,0.0,414.81,323.79,1.0,south
10995.6,19,37,2,1,8.0,12,1,1,1,0,625.48,137.28,838.91,729.71,1.0,south
9870.0,34,52,2,1,25.0,6,1,1,1,0,622.49,13.48,750.75,606.38,1.0,northeast
9715.2,23,39,1,1,25.0,10,0,1,1,0,622.49,13.48,750.75,606.38,1.0,north_central
15540.0,28,44,3,1,8.0,12,1,1,1,0,898.55,203.74,1332.61,1235.02,1.0,north_central
28210.0,18,36,2,0,15.0,12,1,1,1,0,898.55,203.74,1332.61,1235.02,1.0,north_central
23040.0,17,34,5,1,15.0,13,1,1,1,0,898.55,203.74,1332.61,1235.02,1.0,north_central
17168.6,38,53,0,1,25.0,14,1,1,1,0,898.55,203.74,1332.61,1235.02,1.0,south
18871.4,35,56,0,1,25.0,8,0,1,1,0,1243.95,0.0,1668.54,1637.75,1.0,north_central
15931.1,35,56,0,1,4.0,12,1,1,1,0,1243.95,0.0,1668.54,1637.75,1.0,south
7037.99,2,25,2,1,0.5,10,0,1,0,0,260.37,58.25,433.53,255.73,1.0,south
4415.99,27,49,1,1,0.5,10,0,1,0,0,177.81,0.0,150.63,148.75,1.0,south
7787.49,21,37,2,0,8.0,10,0,1,1,0,112.52,0.0,116.56,65.03,1.0,northeast
4899.99,20,58,0,1,8.0,13,0,1,0,0,236.04,0.0,83.06,0.0,1.0,south
4599.99,25,48,0,1,2.0,8,0,1,0,0,138.91,0.0,198.05,0.0,1.0,south
13500.0,9,25,0,0,2.0,13,1,1,0,0,857.53,203.9,853.38,1055.12,1.0,north_central
15e3,42,60,0,1,25.0,12,1,1,0,0,857.53,203.9,853.38,1055.12,1.0,south
16e3,28,43,4,1,8.0,12,1,1,0,0,562.36,220.92,729.7,0.0,1.0,northeast
41600.0,17,33,0,0,0.5,18,1,1,0,1,726.34,151.75,659.61,0.0,1.0,northeast
6559.99,19,48,0,0,15.0,8,0,1,1,0,342.77,58.82,354.3,287.17,1.0,north_central
9192.39,12,29,2,1,15.0,12,0,0,0,0,634.56,5.56,801.78,619.17,1.0,south
17680.0,18,34,2,1,2.0,12,1,1,1,0,947.65,7.48,1323.8,1057.17,1.0,south
5e4,44,60,1,1,8.0,16,1,1,0,1,1075.51,252.53,906.55,1426.42,1.0,west
1980.0,4,20,0,0,2.0,12,1,0,0,0,0.0,0.0,0.0,0.0,1.0,north_central
9870.0,39,56,0,1,25.0,16,1,0,0,0,510.28,160.83,665.81,854.68,1.0,northeast
15360.0,15,31,2,1,15.0,13,1,1,1,0,946.48,316.73,818.39,1555.59,1.0,south
14670.7,28,46,0,1,15.0,14,1,1,1,0,563.68,161.47,684.0,0.0,1.0,west
16699.2,18,34,6,1,4.0,10,1,1,1,0,731.34,0.0,1262.88,1503.07,1.0,south
10904.0,34,50,0,1,25.0,12,0,1,1,1,518.53,226.65,523.07,686.01,1.0,north_central
10731.0,9,27,0,0,8.0,12,0,1,1,1,518.53,226.65,523.07,686.01,1.0,south
11850.0,12,30,1,0,2.0,12,0,1,1,1,314.25,0.0,587.65,316.85,1.0,west
18e3,13,29,0,0,4.0,13,1,1,0,1,1046.17,302.78,844.68,1416.82,1.0,west
12293.1,33,52,0,1,25.0,8,1,1,1,1,754.99,0.0,723.53,1279.59,1.0,northeast
11616.0,20,41,1,1,15.0,13,0,1,1,1,589.33,249.13,784.31,1121.91,1.0,west
32e3,26,46,3,1,25.0,14,1,1,0,1,1295.15,436.45,1002.57,2045.84,1.0,northeast
1860.0,31,50,0,1,2.0,8,0,1,0,0,42.71,0.0,0.0,0.0,1.0,south
3166.8,0,17,0,0,0.5,10,1,1,0,0,0.0,0.0,0.0,0.0,1.0,south
2550.0,0,23,2,1,0.5,12,0,1,0,1,114.0,0.0,0.0,0.0,1.0,west
717.6,27,42,3,1,25.0,12,0,1,0,1,0.0,0.0,0.0,0.0,1.0,south
2500.0,1,18,0,0,0.5,12,0,1,0,1,0.0,0.0,0.0,0.0,1.0,west
4060.87,1,18,0,0,0.5,10,0,1,0,1,357.0,13.6,221.0,126.2,1.0,south
7650.0,21,37,4,1,8.0,10,1,0,0,0,180.94,51.84,215.74,0.0,1.0,south
5507.99,6,25,3,1,0.5,8,1,0,0,0,432.0,59.75,251.75,0.0,1.0,south
5250.0,1,18,0,0,2.0,12,0,1,0,0,154.52,0.0,16.28,0.0,1.0,north_central
5100.0,5,28,3,0,0.5,12,0,1,0,0,0.0,0.0,0.0,0.0,1.0,north_central
8532.69,38,54,0,0,0.5,10,1,1,0,0,348.11,122.81,514.22,421.82,1.0,south
11550.0,19,35,3,1,2.0,12,0,0,0,0,304.53,125.18,466.49,0.0,1.0,south
8250.0,26,42,0,0,0.5,10,1,1,0,0,373.78,0.0,544.96,0.0,1.0,south
8746.5,32,51,3,1,0.5,12,1,1,0,0,0.0,0.0,0.0,0.0,1.0,north_central
16e3,17,33,3,1,4.0,13,1,1,0,0,571.73,131.03,713.57,607.17,1.0,south
1e5,40,56,0,1,0.5,12,1,1,0,0,453.17,89.13,781.67,654.67,1.0,south
13770.0,25,41,2,1,0.5,12,1,1,0,0,306.6,134.03,607.99,0.0,1.0,south
12695.8,8,24,0,1,4.0,13,1,1,1,0,546.7,0.0,747.16,964.91,1.0,west
6663.99,4,22,0,0,2.0,12,0,1,0,1,270.85,0.0,395.27,314.45,1.0,south
6500.0,5,22,0,0,0.5,14,0,1,0,1,190.46,0.0,311.83,0.0,1.0,south
5599.99,7,30,2,1,2.0,12,0,1,0,1,0.0,0.0,0.0,0.0,1.0,north_central
5200.0,4,25,1,0,0.5,12,0,1,0,1,0.0,0.0,0.0,0.0,1.0,west
9646.0,44,64,0,1,15.0,13,0,1,0,1,385.47,131.89,403.1,595.53,1.0,south
12e3,38,58,1,1,2.0,13,1,1,0,1,385.47,131.89,403.1,595.53,1.0,south
9690.0,24,49,0,0,2.0,12,0,1,0,1,445.44,113.17,67.3,0.0,1.0,south
16061.5,18,34,3,1,15.0,13,1,1,0,1,737.12,229.58,624.67,813.94,1.0,west
15e3,42,59,0,1,2.0,13,1,1,0,1,737.12,229.58,624.67,813.94,1.0,northeast
80769.2,20,37,2,1,4.0,12,0,1,0,1,737.12,229.58,624.67,813.94,1.0,south
16e3,38,54,2,1,8.0,12,1,1,0,1,544.11,147.16,663.13,0.0,1.0,north_central
12798.0,7,23,0,0,8.0,14,1,1,1,1,780.0,0.0,1564.5,1948.5,1.0,north_central
6300.0,26,59,0,0,25.0,12,0,1,0,1,381.73,111.85,181.71,339.91,1.0,south
6634.61,12,39,3,0,0.5,13,0,1,0,1,358.75,134.87,304.36,503.2,1.0,west
6500.0,10,42,3,1,2.0,12,0,1,0,1,358.75,134.87,304.36,503.2,1.0,northeast
6865.38,10,29,1,0,0.5,12,0,1,0,1,358.75,134.87,304.36,503.2,1.0,north_central
7530.92,6,25,1,1,2.0,12,0,1,0,1,358.75,134.87,304.36,503.2,1.0,south
8480.77,17,49,2,1,15.0,12,0,1,0,1,454.04,184.39,453.1,739.59,1.0,west
7500.0,4,20,0,0,0.5,13,0,0,0,1,382.53,169.43,309.62,565.6,1.0,northeast
3864.0,20,65,0,0,4.0,13,0,1,0,0,37.71,0.0,24.45,24.36,1.0,west
2080.0,2,18,1,1,2.0,10,0,1,0,0,0.0,0.0,0.0,0.0,1.0,south
11220.0,10,26,0,0,8.0,12,1,1,0,0,302.44,229.11,112.67,0.0,1.0,north_central
7140.0,7,25,1,0,0.5,13,0,1,0,1,262.88,92.74,500.25,0.0,1.0,south
6503.99,33,47,0,0,4.0,10,0,1,0,1,182.57,0.0,93.29,0.0,1.0,south
22500.0,19,39,2,1,0.5,14,1,1,0,1,796.61,286.02,796.72,1333.98,1.0,south
5060.0,6,22,0,1,0.5,13,0,1,0,1,0.0,0.0,0.0,0.0,1.0,south
3045.6,29,45,0,0,4.0,10,0,0,1,0,121.04,37.55,166.6,92.82,1.0,south
6850.99,1,32,0,1,2.0,8,1,0,1,0,248.5,100.13,164.52,236.58,1.0,south
4895.99,17,35,2,0,0.5,14,0,1,0,0,144.38,56.04,59.58,0.0,1.0,north_central
4443.74,8,24,0,0,0.5,16,0,1,0,0,114.13,0.0,23.28,0.0,1.0,northeast
4499.99,3,30,3,1,0.5,10,0,1,0,0,114.13,0.0,23.28,0.0,1.0,north_central
6336.0,33,49,0,1,4.0,13,0,1,0,0,73.0,0.0,144.85,0.0,1.0,west
8423.07,19,40,2,1,2.0,8,0,1,0,0,163.31,198.82,0.0,0.0,1.0,west
3378.46,32,52,2,0,15.0,16,0,1,0,1,333.97,140.0,132.47,188.07,1.0,south
7088.39,5,25,0,1,4.0,18,0,1,1,1,305.52,121.78,161.2,532.46,1.0,south
7214.3,6,24,0,1,0.5,16,1,1,0,1,373.29,115.07,248.13,301.49,1.0,south
6623.99,29,46,1,0,4.0,8,0,1,0,1,313.89,177.23,233.62,0.0,1.0,north_central
6799.99,14,30,0,0,2.0,14,0,1,0,1,172.79,0.0,120.89,0.0,1.0,north_central
8921.77,13,42,2,0,4.0,13,0,0,0,1,539.77,245.4,347.78,506.58,1.0,west
11550.0,19,40,2,0,0.5,18,0,1,0,1,539.77,245.4,347.78,506.58,1.0,south
9750.0,30,51,0,1,4.0,14,0,1,0,1,420.22,185.04,340.9,0.0,1.0,northeast
15288.0,10,28,0,1,4.0,16,0,1,0,1,930.47,312.32,653.72,1264.68,1.0,northeast
13200.0,20,44,0,1,15.0,12,0,1,0,1,709.77,254.05,575.91,0.0,1.0,west
21e3,12,35,2,1,2.0,18,1,1,0,1,1312.84,0.0,946.11,1231.44,1.0,north_central
7511.53,28,45,6,1,4.0,12,1,1,0,0,353.83,149.95,266.47,261.49,1.0,south
6825.0,9,28,0,0,8.0,16,0,1,0,0,353.83,149.95,266.47,261.49,1.0,northeast
6523.12,22,64,0,1,15.0,8,0,1,0,0,353.83,149.95,266.47,261.49,1.0,south
5899.99,2,18,0,0,2.0,12,0,1,0,0,353.83,149.95,266.47,261.49,1.0,south
15300.0,15,31,2,1,15.0,18,1,1,1,0,665.81,319.22,581.62,536.9,1.0,south
24e3,35,50,0,1,25.0,13,1,1,0,1,882.57,343.34,540.58,885.92,1.0,west
16e3,26,47,0,0,15.0,18,0,1,0,1,882.57,343.34,540.58,885.92,1.0,west
